comments,words
0,"['with', 'no', 'option', 'resume', 'tracking', 'process', 'after', 'force', 'close', 'plus', 'app', 'itself', 'so', 'demanding', 'when', 'it', 'comes', 'resources', 'edit', 'recent', 'updates', 'are', 'premium', 'only', 'app', 'getting', 'ugly', 'without', 'trying', 'fix', 'main', 'bugs']"
1,"['run', 'endomondo', 'on', 'blackberry', 'torch', '9800', 'on', 'samsung', 'galaxy', 's2', 'it', 'sems', 'bit', 'more', 'reliable', 'on', 'blackberry', 'but', 'sometimes', 'it', 'also', 'fails', 'aquire', 'gps', 'signal', 'on', 'bb', 'samsung', 'galaxy', 's2', 'even', 'worst', 'it', 'almost', 'never', 'picks', 'up', 'gps', 'if', 'it', 'does', 'it', 'drops', 'it', 'continously', 'so', 'when', 'get', 'my', 'first', 'mile', 'it', 'says', 'only', 'have', 'miles', 'so', 'until', 'they', 'fix', 'gps', 'acuracy', 'on', 'software', 'raye', 'this', 'below', 'average', 'when', 'it', 'works', 'awesome', 'though']"
2,"['love', 'design', 'of', 'this', 'app', 'it', 'better', 'than', 'anything', 'else', 'of', 'its', 'type', 'however', 'on', 'my', 'device', 'galaxy', 's3', 'running', 'cyanogenmod', 'distance', 'measurements', 'are', 'inaccurate', 'unreliable', 'it', 'not', 'uncommon', 'for', 'voice', 'coach', 'tell', 'me', 'ran', 'mile', 'in', '43', 'only', 'have', 'ui', 'show', 'me', 'ran', 'that', 'mile', 'in', '27', 'also', 'it', 'seems', 'lose', 'its', 'gps', 'signal', 'every', '3rd', 'or', '4th', 'time', 'go', 'out', 'all', 'of', 'my', 'other', 'location', 'based', 'apps', 'work', 'fine', ""it's""]"
3,"['never', 'expected', 'such', 'thing', 'what', 'you', 'guys', 'are', 'doing']"
4,"['endomondo', 'can', 'be', 'buggy', 'at', 'times', 'ads', 'upgrade', 'are', 'supremely', 'annoying', 'but', 'app', 'does', 'what', 'need', 'it', 'do', 'with', 'pretty', 'straightforward', 'interface', 'very', 'good', 'gps', 'tracking', 'system', 'some', 'cool', 'social', 'features']"
5,"['endomondo', 'great', 'for', 'tracking', 'workouts', 'all', 'related', 'stats', 'training', 'plan', 'features', 'for', 'premium', 'users', 'are', 'terrific', 'they', 'have', 'helped', 'give', 'me', 'customized', 'training', 'program', 'prepare', 'for', 'my', '10k', 'highly', 'recommended', 'app', 'use', 'it', 'almost', 'daily']"
6,"['sport', 'watches', 'can', 'be', 'expensive', 'but', 'your', 'smartphone', 'beats', 'them', 'all', 'in', 'functionality', 'with', 'it', 'larger', 'processor', 'this', 'app', 'essential', 'part', 'of', 'my', 'workouts', 'superior', 'any', 'sports', 'watch', ""it's""]"
7,"['love', 'new', 'update', 'have', 'been', 'using', 'this', 'app', 'every', 'day', 'since', 'august', 'it', 'just', 'gets', 'better', 'better']"
8,"['love', 'this', 'app', 'love', 'that', 'it', 'tracks', 'mileage', 'with', 'gps', 'gives', 'calories', 'burned', 'speed', 'how', 'much', 'hydrate', 'with', 'you', 'can', 'join', 'challages', 'love', 'that', 'you', 'can', 'log', 'in', 'online', 'manage', 'your', 'account', 'challanges', 'lots', 'more']"
9,"['awesome', 'app', 'only', 'wish', 'could', 'raise', 'voice', 'volume', 'not', 'change', 'music', 'volume', 'add', 'cadence', 'feature', 'well', 'tawesome', 'app', 'only', 'wish', 'could', 'raise', 'voice', 'volume', 'not', 'change', 'music', 'volume', 'also', 'find', 'friend', 'feature', 'cool']"
10,"['good', 'app', '304260', 'really', 'like', 'it', 'give', 'me', 'opportunity', 'track', 'my', 'result', 'etc', ""it's""]"
11,"['wanted', 'something', 'give', 'me', 'extra', 'push', 'get', 'me', 'out', 'door', 'keep', 'track', 'of', 'my', 'training', 'training', 'plan', 'got', 'my', 'paces', 'completely', 'wrong', 'for', '5k', 'multiple', 'times', 'it', 'also', 'requires', 'you', 'carry', 'device', 'record', 'workouts', 'prefer', 'not', 'take', 'my', 'phone', 'with', 'me', 'on', 'runs', 'so', 'there', 'no', 'compromise', 'option', 'for', 'recording', 'workouts', 'bummer', ""there's""]"
12,"['this', 'app', 'has', 'it', 'all', 'for', 'regular', 'workout', 'tracking', 'some', 'stats', 'are', 'unavailable', 'for', 'free', 'version', 'but', 'free', 'part', 'quite', 'informative', 'it', 'works', 'great', 'ia', 'really', 'accurate']"
13,"['task', 'time', 'audio', 'feedback', 'excellent', 'very', 'accurate', 'reporting', 'great', 'thanks', 'endo', 'people']"
14,"['works', 'flawlessly', 'with', 'my', 'nexus', 'would', 'give', 'it', 'stars', 'but', 'endomondo', 'will', 'not', 'take', 'on', 'simple', 'challenge', 'of', 'making', 'app', 'compatible', 'with', 'pebble', 'smart', 'watch', 'like', 'some', 'of', 'their', 'competitors', 'have', 'done']"
15,"['it', 'needs', 'calculate', 'steps', 'while', 'walking', 'or', 'running', 'like', 'other', 'applications', 'do']"
16,"['awesome', 'app', 'keeps', 'track', 'of', 'everything', 'good', 'tool', 'for', 'making', 'sure', 'you', 'stay', 'on', 'track', 'with', 'your', 'training']"
17,"['love', 'integration', 'with', 'myfitnesspal', 'ability', 'play', 'music', 'in', 'background', 'only', 'wish', 'there', 'was', 'way', 'program', 'my', 'intervals', 'into', 'app']"
18,"['best', 'sports', 'activity', 'tracker', 'app', 'keep', 'focused', 'on', 'power', 'saving', 'always']"
19,"['after', 'updating', 'app', 'it', 'not', 'working', 'anymore', 'on', 'my', 'galaxy', 'note', 'android', ""it's""]"
20,"['came', 'back', 'endo', 'app', 'primary', 'logging', 'route', 'when', 'my', 'proper', 'option', 'garmin', 'was', 'in', 'for', 'repair', 'endo', 'gave', 'up', 'half', 'way', 'round', 'no', 'alert', 'no', 'explanation', 'not', 'fit', 'for', 'purpose', 'try', 'strava', 'runkeeper', 'garmin', 'app', 'there', 'loads', 'of', 'others', 'out', 'there', ""there's""]"
21,"['love', 'how', 'this', 'tracks', 'everything', 'could', 'do', 'with', 'more', 'workout', 'options', 'little', 'bit', 'disappointing', 'that', 'you', 'can', 'change', 'method', 'of', 'exercise', 'mid', 'workout', ""can't""]"
22,"['very', 'good', 'app', 'if', 'this', 'strava', 'were', 'combined', 'we', 'have', 'perfect', 'app', ""we'd""]"
23,"['very', 'user', 'friendly', 'app']"
24,"['love', 'it', 'but', 'friend', 'running', 'tracks', 'do', 'not', 'update', 'after', 'you', 'first', 'look', 'at', 'them', 'during', 'workout', 'needs', 'fixed', 'for', 'this', 'app', 'reach', 'its', 'potential', 'update', 'still', 'not', 'fixed', 'premium', 'member', 'submitted', 'request', 'which', 'they', 'ignored', 'stay', 'away', 'from', 'this', 'paid', 'app', ""friend's""]"
25,"['user', 'friendly']"
26,"['if', 'you', 'need', 'ble', 'runtasticis', 'your', 'best', 'bet']"
27,"['enjoy', 'every', 'moment', 'of', 'this', 'app', 'helps', 'me', 'track', 'me', 'progress']"
28,"['great', 'for', 'running', 'mtb']"
29,"['love', 'this', 'app', 'got', 'premium', 'by', 'free', 'how', 'good', 'that', 'best', 'exercise', 'app', 'so', 'far']"
30,"['very', 'useful', 'apps']"
31,"['this', 'application', 'can', 'improve', 'your', 'healthy', 'your', 'heart', 'your', 'life', 'be', 'new', 'you']"
32,['excellent']
33,"['great', 'app']"
34,['application']
35,"['love', 'it', 'have', 'used', 'it', 'running', 'kayaking', 'mountain', 'biking', 'hiking', 'it', 'always', 'give', 'clear', 'map', 'with', 'accurate', 'display']"
36,"['my', 'friends', 'can', 'see', 'my', 'running', 'routes', 'it', 'seems', 'if', 'have', 'changed', 'all', 'privacy', 'settings', 'sharing', 'but', 'still', 'nothing', 'works', 'please', 'help', 'tit', 'great', 'app', 'it', 'even', 'motivated', 'me', 'go', 'running', 'during', 'revent', 'overseas', 'trip', 'easy', 'use', 'gives', 'good', 'info', ""can't""]"
37,"['great', 'carnt', 'fault', 'this', 'application']"
38,"['it', 'drains', 'battery', 'life', 'uses', 'aprox', '20%', 'of', 'my', 'battery', 'life', 'in', 'one', 'hour', 'gps', 'not', 'accurare', 'several', 'times', 'looses', 'signal', 'or', 'signal', 'very', 'unaccurate', 'they', 'also', 'need', 'revise', 'price', 'plan', 'for', 'going', 'pro']"
39,"['with', 'no', 'option', 'resume', 'tracking', 'process', 'after', 'force', 'close', 'plus', 'app', 'itself', 'so', 'demanding', 'when', 'it', 'comes', 'resources', 'edit', 'recent', 'updates', 'are', 'premium', 'only', 'app', 'getting', 'ugly', 'without', 'trying', 'fix', 'main', 'bugs']"
40,"['while', 've', 'already', 'lost', 'ponds', 'in', 'one', 'week', 'my', 'phone', 'won', 'sync', 'with', 'online', 'program', 'so', 'yes', 'it', 'works', 'but', 'not', 'getting', 'everything', 'that', 'was', 'promised', ""i've"", ""won't"", ""i'm""]"
41,"['mia', 'journal', 'feature', 'upside', 'captures', 'much', 'of', 'nutritional', 'profile', 'of', 'each', 'meal', 'offers', 'many', 'options', 'easy', 'adjustments', 'food', 'amounts', 'export', 'via', 'spreadsheet', 'format', 'wants', 'time', 'of', 'meal', 'track', 'ketostix', 'blood', 'sugar', 'levels', 'paid', 'version', 'kill', 'many', 'ads', 'ability', 'delete', 'unused', 'exercise', 'activities', 'put', 'then', 'in', 'order', 'of', 'use']"
42,"['this', 'would', 'be', 'best', 'app', 'if', 'it', 'had', 'option', 'for', 'me', 'add', 'ingredients', 'recipe', 'creating', 'on', 'my', 'own', 'loseit', 'has', 'ability', 'but', 'your', 'database', 'has', 'more', 'of', 'foods', 'ingredients', 'that', 'use', 'if', 'you', 'add', 'this', 'feature', 'll', 'definitely', 'change', 'my', 'rating', 'star', ""i'm"", ""i'll""]"
43,"['all', 'fixed', 'thanks']"
44,"['does', 'not', 'seem', 'save', 'added', 'or', 'scanned', 'in', 'items', 'can', 'not', 'find', 'them', 'again', 'in', 'foods', 'or', 'search', 'although', 'they', 'are', 'under', 'recent', 'exercises', 'not', 'used', 'could', 'be', 'filtered', 'out']"
45,"['love', 'this', 'app', 'appreciate', 'being', 'able', 'keep', 'track', 'of', 'my', 'daily', 'intake', 'go', 'back', 'track', 'my', 'wsak', 'areas', 'it', 'delivers', 'just', 'what', 'it', 'promises', 'diabetic', 'it', 'my', 'best', 'friend', 'in', 'keeping', 'my', 'blood', 'sugar', 'stable', 'thanks', 'for', 'making', 'such', 'great', 'app', ""it's""]"
46,"['love', 'search', 'for', 'food', 'count', 'your', 'calories', 'great', 'option', 'also', 'yes', 'would', 'have', 'been', 'but', 'agree', 'with', 'creating', 'your', 'own', 'food', 'recipe']"
47,"['never', 'had', 'problem', 'on', 'my', 's3']"
50,"['lost', 'four', 'stone', 'with', 'this', 'ap', 'really', 'changed', 'my', 'life', 'cheaper', 'than', 'weight', 'watchers']"
51,"['it', 'easy', 'use', 'has', 'number', 'of', 'things', 'in', 'database', 'which', 'love', 'but', 'bar', 'code', 'scanner', 'does', 'not', 'work', 'at', 'all', 'it', 'just', 'keeps', 're', 'adjusting', 'itself', 'never', 'scans', 'product', 'ended', 'up', 'entering', 'it', 'manually', ""it's""]"
52,['amazing']
53,"['do', 'use', 'it', 'wish', 'could', 'enter', 'in', 'time', 'see', 'how', 'long', 'particular', 'meal', 'lasted', 'perhaps', 'some', 'notes']"
54,"['google', 'plus', 'crashing', 'it', 'aug', '30', '2013', 'had', 'remove', 'use', 'this', 'app', 'it', 'should', 'have', 'option', 'add', 'more', 'means', 'some', 'diets', 'can', 'spread', 'calories', 'over', 'meals', 'fat', 'percent', 'many', 'scales', 'will', 'provide', 'fat', 'percent', 'along', 'with', 'weight', 'it', 'would', 'be', 'nice', 'be', 'able', 'record', 'this', 'on', 'this', 'app', 'target', 'protein', 'carbs', 'fat', 'in', 'addition', 'target', 'calories', 'it', 'could', 'help', 'user', 'check', 'with', 'target', 'protein', 'for', 'example', 'suggest', 'foods', 'balance', 'carbs', 'protein', 'fat', 'reach', 'daily', 'goal']"
55,"['love', 'this', 'app', 'can', 'wait', 'for', 'ui', 'refresh', ""can't""]"
56,"['barcode', 'scanning', 'does', 'not', 'work', 'it', 'has', 'been', 'broken', 'for', 'while', 'it', 'works', 'fine', 'for', 'other', 'calorie', 'counters', 'but', 'this', 'my', 'favorite', 'app', 'rather', 'use', 'this', 'am', 'on', 'galaxy', 'nexus', 'running']"
57,"['anyone', 'experience', 'barcode', 'scanner', 'problem']"
58,"['love', 'pay', 'please', 'remove', 'adds', 'did', 'not', 'ask', 'for', 'that']"
59,"['love', 'this', 'app', 'but', 'please', 'change', 'name', 'back', 'calorie', 'counter']"
60,"['functions', 'well', 'except', 'for', 'force', 'closing', 'at', 'times', '#tip', 'macronutrient', 'ratios', 'shown', 'in', 'app', 'would', 'be', 'very', 'useful']"
61,"['mia', 'journal', 'feature', 'wants', 'ability', 'track', 'trainng', 'vs', 'rest', 'day', 'macronutrients', 'add', 'time', 'of', 'meal', 'track', 'ketostix', 'blood', 'sugar', 'levels', 'paid', 'version', 'kill', 'many', 'ads', 'ability', 'delete', 'unused', 'exercise', 'activities', 'put', 'exercises', 'in', 'order', 'of', 'use']"
62,"['app', 'looks', 'great', 'thanks', 'for', 'following', 'holo', 'ui', 'guidelines', 'what', 'be', 'nice', 'tho', 'which', 'would', 'be', 'handy', 'for', 'eu', 'citizens', 'living', 'near', 'borders', 'would', 'be', 'ability', 'for', 'app', 'search', 'in', 'multiple', 'national', 'food', 'databases', 'since', 'these', 'people', 'are', 'likely', 'shop', 'groceries', 'in', 'two', 'or', 'three', 'countries', ""what'd""]"
63,"['this', 'newest', 'update', 'shocking', 'having', 'plenty', 'of', 'issues', 'adding', 'foods', 'diary', ""i'm""]"
64,"['just', 'changed', 'from', 'stars', 'something', 'has', 'changed', 'recently', 'can', 'almost', 'never', 'scan', 'items', 'in', 'morning', 'app', 'crashes', 'lot', 'in', 'morning', 'don', 'know', 'if', 'they', 'are', 'doing', 'server', 'updates', 'every', 'morning', 'or', 'not', 'but', 'it', 'highly', 'annoying', 'being', 'able', 'enter', 'in', 'food', 'this', 'easy', 'makes', 'sure', 'will', 'accurately', 'track', 'both', 'food', 'exercise', 'easy', 'use', 'wish', 'it', 'could', 'only', 'change', 'my', 'rdi', 'from', 'this', 'point', 'on', 'like', 'saved', 'calendar', 'item', 'works', 'do', 'you', 'want', 'change', 'all', 'rdis', 'outer', 'only', 'from', 'this', 'point', 'on', ""don't""]"
65,"['find', 'myself', 'adding', 'lot', 'of', 'foods', 'myself', 'interface', 'for', 'that', 'fairly', 'easy', 'problem', 'can', 'find', 'way', 'edit', 'foods', 'that', 'entered', 'add', 'another', 'serving', 'size', 'or', 'fix', 'mistake', 'made', 'would', 'love', 'see', 'improvement', 'there', ""can't""]"
66,"['fat', 'secret', 'helped', 'me', 'watch', 'my', 'food', 'calories', 'every', 'day', 'feel', 'good', 'now', 'no', 'more', 'food', 'cheating', 'with', 'this', 'apps', 'thank', 'you', 'so', 'much']"
67,"['was', 'stars', 'then', 'phone', 'was', 'stuck', 'in', 'reboot', 'loop', 'due', 'upgrade', 'by', 'this', 'app', 'deleted', 'app', 'phone', 'now', 'fine', 'before', 'upgrade', 'trouble', 'loved', 'easy', 'ways', 'of', 'entering', 'foods', 'by', 'scanning', 'bar', 'code', 'or', 'searching', 'for', 'item', 'then', 'many', 'units', 'that', 'could', 'be', 'selected', 'made', 'calorie', 'count', 'easy', 'even', 'fun']"
68,"['great', 'overall', 'but', 'with', 'issues', 'that', 'once', 'addressed', 'would', 'really', 'put', 'this', 'over', 'top', 'first', 'rdi', 'for', 'me', 'was', 'way', 'way', 'off', 'putting', 'in', 'all', 'my', 'info', 'it', 'recommended', '2800', 'calories', 'day', 'that', 'for', 'being', 'sedentary', 'trying', 'lose', 'weight', 'putting', 'in', 'same', 'weight', 'height', 'age', 'etc', 'into', 'any', 'other', 'calorie', 'calculator', 've', 'tried', 'all', 'tells', 'me', 'about', '1900', '2000', 'day', 'pretty', 'huge', 'difference', 'but', 'hey', 'fatsecret', 'lets', 'you', 'manually', 'adjust', 'their', 'rdi', 'after', 'it', 'calculated', 'so', 'that', 'fine', 'just', 'don', 'trust', 'their', 'calculations', 'other', 'thing', 'hate', 'having', 'put', 'in', 'same', 'items', 'over', 'over', 'for', 'combined', 'foods', 'like', 'sandwiches', 'hotdogs', 'with', 'relish', 'etc', 'rather', 'be', 'able', 'select', 'group', 'of', 'foods', 'call', 'it', 'turkey', 'sandwich', 'save', 'it', 'for', 'later', 'then', 'just', 'click', 'my', 'turkey', 'sandwich', 'every', 'time', 'fix', 'one', 'grouping', 'like', 'that', 'would', 'be', 'huge', 'plus', 'for', 'people', 'that', 'do', 'lot', 'of', 'home', 'cooked', 'meals', 'especially', 'if', 'generic', 'version', 'can', 'be', 'found', 'through', 'search', 'option', 'other', 'than', 'those', 'things', 'love', 'it', ""that's"", ""i've"", ""it's"", ""that's"", ""don't"", ""i'd"", ""can't""]"
69,"['hi', 'its', 'awesome', 'app', 'but', 'pls', 'add', 'one', 'feature', 'like', 'use', 'this', 'app', 'but', 'some', 'things', 'are', 'there', 'which', 'eat', 'are', 'not', 'there', 'in', 'list', 'understand', 'its', 'impossible', 'add', 'each', 'every', 'dish', 'food', 'item', 'in', 'list', 'but', 'still', 'am', 'satisfied', 'with', 'wide', 'rage', 'of', 'food', 'items', 'but', 'if', 'it', 'could', 'have', 'optional', 'adding', 'calories', 'manually', 'or', 'make', 'own', 'food', 'item', 'by', 'adding', 'all', 'stuff', 'like', 'cal', 'proteins', 'ect', 'add', 'its', 'name', 'save', 'it', 'for', 'reuse', 'thnk', 'expect', 'this', 'feature', 'in', 'next', 'update']"
70,"['love', 'this', 'app', 'but', 'teaching', 'unit', 'on', 'osteoporosis', 'really', 'wish', 'could', 'track', 'calcium', 'intake', 'that', 'would', 'get', 'star', 'rating', ""i'm""]"
71,"['love', 'food', 'diary', 've', 'learned', 'how', 'eat', 'right', 'make', 'better', 'choices', 'this', 'app', 'makes', 'me', 'accountable', 'for', 'everything', 'eat', 've', 'had', 'app', 'for', 'mo', 'lost', '35lbs', 'this', 'saving', 'my', 'life', 'thank', 'you', 'update', 'months', 've', 'lost', '55lbs', 'please', 'fix', 'serving', 'calculator', 'servings', 'should', 'be', 'changeable', 'by', 'etc', 'recipe', 'calculator', 'would', 'be', 'awesome', 'too', 'will', 'go', 'back', 'stars', 'if', 'you', 'change', 'these', ""i've"", ""i've"", ""i've"", ""4's"", ""3's""]"
72,"['thanks', 'for', 'bug', 'fixes']"
73,"['had', 'for', 'looooong', 'time', 'love', 'it', 'better', 'than', 'any', 'other', 'app']"
74,"['would', 'for', 'there', 'be', 'way', 'like', 'agree', 'with', 'buddies', 'comment', 'posts']"
75,"['lost', '15kg', 'in', '7months', 'my', 'perfect', 'weight', 'stoped', 'using', 'it', 'for', 'year', 'gained', '6kg', 'reinstalled', 'it', 'now']"
76,"['bugs', 'fixed', 'yey']"
77,"['so', 'far', 'like', 'it', 'just', 'what', 'needed', 'rotated', 'apps', 'for', 'variety']"
78,"['couldn', 'open', 'app', 'at', 'one', 'point', 'but', 'that', 'was', 'quickly', 'fixed', 'really', 'like', 'how', 'simple', 'quick', 'it', 'update', 'food', 'exercise', 'keep', 'accurate', 'track', ""couldn't""]"
79,"['it', 'shows', 'you', 'clearly', 'calories', 'burned', 'in', 'exercise', 'not', 'over', 'above', 'your', 'bmr', 'but', 'mostly', 'part', 'of', 'it', 'simple', 'easy', 'track', 'your', 'food', 'intake', 'calorific', 'needs', 'also', 'tracks', 'weight', 'best', 'all', 'in', 'one', 'app', 'thanks']"
80,"['would', 'like', 'use', 'this', 'but', 'will', 'not', 'allow', 'ad', 'agency', 'spyware', 'on', 'my', 'phone', 'dump', 'admob', 'code', 'in', 'pro', 'version', 'please', 'give', 'us', 'option', 'pay', 'for', 'privilege', 'would', 'be', 'at', 'least', 'stars', 'if', 'no', 'admob']"
81,"['ve', 'been', 'using', 'everytrail', 'for', 'quite', 'while', 'now', 'it', 'always', 'works', 'without', 'fail', 'normally', 'use', 'it', 'too', 'record', 'cycle', 'routes', 'which', 'it', 'does', 'with', 'about', 'same', 'acuracy', 'my', 'cycle', 'computer', 'thought', 'would', 'give', 'my', 'tracks', 'shot', 'but', 'when', 'used', 'in', 'exactly', 'same', 'way', 'everytrail', 'it', 'left', 'loads', 'of', 'gaps', 'in', 'my', 'route', 'recorded', 'distance', 'about', '8km', 'out', 'from', 'my', 'computer', 'over', 'only', '50k', ""i've""]"
82,"['awesome', 'job', 'of', 'recording', 'locations', 'later', 'match', 'photos', 'whether', 'at', 'stationary', 'locations', 'or', 'shooting', 'from', 'fast', 'moving', 'tour', 'bus', 'second', 'granularity', 'available', 'use', 'this', 'app', 'often', 'in', 'usa', 'recently', 'in', 'singapore', 'malaysia', 'stars', 'because', 'need', 'transfer', 'gpx', 'files', 'exporting', 'sending', 'my', 'computer', 'very', 'clumsy', 'app', 'set', 'up', 'for', 'auto', 'transfer', 'google', 'drive', 'would', 'give', 'stars', 'if', 'if', 'could', 'select', 'transfer', 'file', 'format', 'be', 'gpx', 'not', 'just', 'kml', 'note', 'that', 'this', 'app', 'does', 'not', 'do', 'any', 'of', 'time', 'synchronizing', 'nor', 'embedding', 'of', 'geo', 'positions', 'into', 'photos', 'use', 'other', 'software', 'on', 'pc', 'for', 'that']"
83,"['ran', 'this', 'with', 'several', 'apps', 'though', 'mapmyride', 'still', 'has', 'advantage', 'this', 'came', 'in', 'close', 'second', 'wish', 'they', 'add', 'route', 'image', 'when', 'sharing', 'now', 'it', 'just', 'blank', 'map', 'update', 'it', 'now', 'best', 'performer', 'of', 'all', 've', 'tried', 'but', 'unfortunately', 'they', 'went', 'different', 'wrong', 'direction', 'even', 'removed', 'map', 'image', 'when', 'sharing', 'facebook', 'other', 'social', 'media', 'accounts', 'there', 'just', 'link', 'route', 'in', 'your', 'google', 'drive', 'account', 'not', 'good', 'move', ""they'd"", ""it's"", ""i've""]"
84,"['application', 'could', 'be', 'good', 'alternative', 'endomondo', 'for', 'example', 'but', 'at', 'this', 'point', 'many', 'lacks', 'not', 'possible', 'put', 'count', 'doxn', 'for', 'start', 'vocal', 'synthesis', 'poor', 'not', 'understandable', 'no', 'statistics', 'available', 'in', 'tablefor', 'each', 'km', 'good', 'points', 'map', 'very', 'readable', 'charts', 'interesting', 'be', 'improved']"
85,"['would', 'love', 'be', 'able', 'view', 'stats', 'per', 'activity', 'type', 'so', 'that', 'know', 'my', 'time', 'distance', 've', 'biked', 'versus', 'hiked', 'etc', 'viewing', 'all', 'activity', 'types', 'aggregated', 'together', 'more', 'of', 'piece', 'of', 'novelty', 'information', 'rather', 'than', 'useful', 'statistics', ""i've""]"
86,"['app', 'froze', 'up', 'on', 'my', '3rd', 'outing', 'with', 'it', 'luklckaly', 'it', 'was', 'almost', 'straight', 'shot', 'back', 'my', 'end', 'point', 'so', 'still', 'got', 'good', 'idea', 'of', 'distance', 'traveled', 'by', 'think', 'will', 'be', 'taking', 'my', 'stand', 'alone', 'gpsr', 'on', 'my', 'walks', 'for', 'wile']"
87,"['can', 'update', 'due', 'error', 'tried', 'reinstalling', 'now', 'it', 'won', 'install', 'back', 'again', 'pity', ""can't"", ""won't""]"
88,"['just', 'biked', 'around', 'perimeter', 'of', 'manhattan', 'it', 'worked', 'perfectly', 've', 'tried', 'other', 'apps', 'always', 'had', 'problems', 'of', 'some', 'sort', 'often', 'lost', 'trip', 'data', 'at', 'last', 'easy', 'use', 'app', 'that', 'works', 'thanks', 'google', ""i've""]"
89,"['tracking', 'has', 'been', 'fair', 'but', 'not', '100%', 'accurate', 'still', 'having', 'use', 'another', 'tracking', 'app', 'because', 'of', 'this', 'would', 'love', 'use', 'this', 'permanently', 'but', 'feel', 'it', 'needs', 'update', 'this', 'could', 'be', 'best', 'app', 'if', 'it', 'was', 'more', 'reliable', 'update', 'even', 'after', 'latest', 'update', 'it', 'not', 'very', 'accurate', 'when', 'viewing', 'track', 'in', 'google', 'earth', 'it', 'wonders', 'way', 'off', 'coarse', 'taken', ""i'd""]"
90,"['whenever', 'slide', 'chart', 'elevation', 'speed', 'right', 'always', 'moves', 'stats', 'when', 'zoomed', 'in', 'graph', 'on', 'chart', 'disapeared', 'please', 'fix']"
91,"['since', 'last', 'upgrade', 'tracks', 'no', 'longer', 'works', 'goes', 'in', 'fits', 'starts', 'can', 'you', 'get', 'android', 'apps', 'work', 'on', 'android', 'phones', 'what', 'with', 'that', ""can't"", ""what's""]"
92,"['was', 'using', 'my', 'tracks', 'for', 'months', 'was', 'very', 'good', 'before', 'starting', 'run', 'only', 'had', 'wait', 'for', 'full', 'gps', 'signal', 'then', 'could', 'put', 'my', 'phone', 'away', 'start', 'running', 'since', 'last', 'updat', 'recording', 'not', 'ok', 'it', 'looses', 'gps', 'signal', 'total', 'track', 'distance', 'can', 'be', '20%', 'mistaken', 'tried', 'it', 'over', 'over', 'again', 'factory', 'other', 'setting', 'alas', 'it', 'no', 'use', 'ld', 'like', 'old', 'app', 'back', 'samsung', 'galax', 'plus', 'android', ""'my"", ""it's"", ""i'ld""]"
93,"['can', 'understand', 'why', 'such', 'great', 'feature', 'ability', 'save', 'existing', 'map', 'gone', 'google', 'why', 'instead', 'of', 'improving', 'apps', 'you', 're', 'making', 'them', 'worse', 'could', 'understand', 'this', 'if', 'option', 'of', 'merging', 'maps', 'existed', 'in', 'google', 'maps', 'but', 'it', 'not', 'there', 'either', ""can't"", ""you're"", ""it's""]"
94,"['on', 'my', 'last', 'stroll', 'on', 'level', 'shoreline', 'trail', 'distance', 'was', 'measured', 'correctly', 'however', 'my', 'recorded', 'altitude', 'was', 'typically', 'at', '145', 'feet', 'below', 'sea', 'level', 'had', 'recorded', 'altitude', 'gain', 'of', 'hundreds', 'of', 'feet', 'on', 'level', 'trail', 'my', 'fastest', 'walking', 'pace', 'registered', '16', 'miles', 'per', 'hour', 'you', 'can', 'be', 'absolutely', 'certain', 'that', 'person', 'who', 'created', 'this', 'product', 'has', 'never', 'used', 'it', 'they', 'have', 'been', 'informed', 'of', 'issues', 'take', 'no', 'steps', 'fix', 'their', 'work', 'now', 'they', 'have', 'upgraded', 'look', 'at', 'elevation', 'info', 'for', 'their', 'screenshot', 'of', 'statistics', 'page', 'they', 'clearly', 'have', 'been', 'walking', 'below', 'sea', 'level']"
95,"['well', 'it', 'works', 'for', 'sure', 'but', 'it', 'doesn', 'work', 'perfectly', 'on', 'my', 'device', 'it', 'records', 'tracks', 'walk', 'but', 'sometimes', 'it', 'just', 'doesn', 'record', 'for', 'period', 'of', 'time', 'start', 'again', 'just', 'few', 'minutes', 'later', 'which', 'creates', 'holes', 'in', 'track', 'recorded', 'don', 'know', 'if', 'it', 'isn', 'my', 'gps', 'fault', 'but', 'coordinate', 'detection', 'unreliable', 'it', 'showed', 'me', 'two', 'different', 'places', 'on', 'map', 'when', 'was', 'in', 'same', 'place', 'but', 'while', 'later', 'speed', 'graph', 'not', 'behaving', 'much', 'better', 'while', 'my', 'speed', 'on', 'average', 'km', 'it', 'shows', 'me', 'peaks', '30', 'km', 'high', 'whole', 'graph', 'completely', 'jagged', 'resembles', 'sawtooth', ""doesn't"", ""doesn't"", ""don't"", ""isn't"", ""gps's""]"
96,"['mon', 'stop', 'it', 'please', 'app', 'was', 'great', 'for', 'what', 'it', 'did', 'in', 'versions', 'then', 'they', 'badly', 'broke', 'versions', 'then', 'they', 'fixed', 'them', 'then', 'they', 'decided', 'kill', 'excellent', 'send', 'google', 'functionality', 'that', 'made', 'it', 'so', 'easy', 'have', 'map', 'links', 'embedded', 'in', 'my', 'tracks', 'spreadsheet', 'please', 'stop', 'it', 'app', 'was', 'just', 'fine']"
97,"['use', 'this', 'regularly', 'but', 'latest', 'updates', 'give', 'package', 'incorrectly', 'signed', 'error', 'on', 'my', 'htc', 'desire', 'bravo', 'running', 'froyo', 'would', 'like', 'report', 'this', 'but', 'can', 'find', 'out', 'how', 'all', 'can', 'do', 'this', 'review', ""can't""]"
98,"['ve', 'been', 'using', 'testing', 'all', 'popular', 'trackers', 'see', 'which', 'liked', 'best', 'just', 'happened', 'stumble', 'upon', 'mytracks', 'so', 'thought', 'would', 'give', 'it', 'try', 'well', 'once', 'downloaded', 'opened', 'it', 'knew', 'would', 'like', 'it', 'after', 'tried', 'it', 'for', 'day', 'uninstalled', 'all', 'others', 'it', 'clean', 'easy', 'use', 'does', 'everything', 'others', 'do', 'but', 'better', 'it', 'my', 'goto', 'tracker', 'only', 'one', 'installed', 'on', 'my', 'phone', ""i've"", ""it's"", ""it's""]"
99,"['use', 'this', 'when', 'hiking', 'it', 'gives', 'me', 'my', 'rate', 'of', 'speed', 'incline', 'decline', 'elevations', 'on', 'charts', 'so', 'that', 'can', 'easily', 'see', 'if', 'on', 'time', 'or', 'behind', 'schedule', 'its', 'must', 'have', 'for', 'serious', 'hikers', ""i'm"", ""i'm""]"
100,"['using', 'this', 'on', 'micromax', 'after', 'new', 'map', 'created', 'total', 'km', 'traveled', 'increases', 'drastically', 'though', 'traveled', '10', 'km', 'it', 'shows', 'me', '500km', 'this', 'also', 'modifies', 'already', 'saved', 'tracks', 'very', 'very', 'poor', 'its', 'becomes', 'junk', 'app']"
101,"['this', 'app', 'does', 'what', 'it', 'supposed', 'do', 'does', 'it', 'well', 'nothing', 'more', 'nothing', 'less', 'accurately', 'tracks', 'your', 'route', 'allows', 'you', 'export', 'it', 'variety', 'of', 'formats', 'with', 'recent', 'photo', 'marker', 'upgrade', 'it', 'became', 'even', 'better', 'now', 'just', 'add', 'pre', 'downloading', 'area', 'we', 'expect', 'move', 'through', 'so', 'we', 'can', 'still', 'see', 'map', 'in', 'no', 'cell', 'signal', 'areas', 'it', 'perfect', ""it's"", ""it's""]"
102,"['love', 'this', 'app', 'new', 'update', 'includes', 'calories', 'burned', 'which', 'was', 'excited', 'about', 'but', 'seems', 'be', 'pretty', 'inaccurate']"
103,"['great', 'accurate', 'share', 'function', 'good', 'aliby', 'lol', 'it', 'great', 'for', 'personal', 'bests']"
104,"['love', 'this', 'app', 'for', 'tracking', 'where', 'ride', 'on', 'atv', 'trails', 'only', 'wish', 'play', 'feature', 'worked', 'on', 'computer', 'when', 'viewing', 'tracks', 'on', 'computer']"
105,"['please', 'just', 'work', 'on', 'this', 'app', 'more', 'so', 'it', 'can', 'compete', 'with', 'apps', 'like', 'nike']"
106,"['love', 'this', 'app', 'wish', 'it', 'had', 'nice', 'tutorial', 'walk', 'you', 'through', 'functionality', 'though', 'took', 'little', 'time', 'of', 'trial', 'error', 'get', 'most', 'of', 'it']"
107,"['stores', 'stats', 'resumes', 'after', 'reboot', 'syncs', 'google', 'still', 'use', 'trimble', 'for', 'offline', 'maps', 'but', 'use', 'this', 'also', 'for', 'stored', 'stats', 'easier', 'map']"
108,"['we', 'use', 'this', 'every', 'time', 'we', 'go', 'out', 'for', 'walk', 'run', 'love', 'this', 'app']"
109,"['great', 'gps', 'recording', 'app', 'very', 'accurate', 'easy', 'use', 'it', 'just', 'bit', 'tricky', 'getting', 'recorded', 'tracks', 'off', 'phone', ""it's""]"
110,"['wish', 'you', 'could', 'pick', 'where', 'you', 'left', 'off', 'or', 'add', 'maps', 'together']"
111,"['last', 'time', 'checked', 'my', 'tracks', 'was', 'very', 'bare', 'track', 'recording', 'application', 'it', 'seems', 'it', 'has', 'now', 'evolved', 'into', 'full', 'featured', 'fitness', 'app']"
112,"['have', 'try', 'other', 'tracking', 'app', 'but', 'this', 'app', 'more', 'simple', 'light', 'have', 'idea', 'how', 'about', 'make', 'it', 'live', 'tracking', 'post', 'social', 'network', 'so', 'other', 'can', 'see', 'activity', 'specially', 'those', 'in', 'activity', 'group']"
113,"['versatile', 'informative', 'has', 'many', 'applications']"
114,"['best', 'tracking', 'app', 've', 'found', 'only', 'one', 've', 'been', 'able', 'trust', 'primary', 'record', 'keeper', 'wish', 'there', 'was', 'google', 'chrome', 'desktop', 'app', 'edit', 'organize', 'my', 'rides', ""i've"", ""i've""]"
115,"['does', 'sometimes', 'deviate', 'from', 'where', 'you', 'actually', 'are', 'but', 'not', 'too', 'badly']"
116,"['it', 'getting', 'better', 'better', 'with', 'each', 'update', ""it's""]"
117,"['best', 'tracking', 'app', 'record', 'exercise', 'or', 'travel', 'events']"
118,"['overdue', 'for', 'update', 'needs', 'follow', 'google', 'own', 'app', 'ui', 'scheme', ""google's""]"
119,"['still', 'want', 'see', 'snapshot', 'of', 'all', 'of', 'my', 'splits', 'don', 'want', 'have', 'click', 'on', 'each', 'marker', 'see', ""don't""]"
120,"['samsung', 'note', 'works', 'very', 'well', 'moving', 'from', 'trail', 'map', 'satellite', 'view', 'huge', 'great', 'on', 'battery', 'easy', 'share']"
121,"['love', 'this', 'recipe', 'app', 'good', 'interface', 'great', 'varied', 'recipes', 'highly', 'recommended', 'update', 'it', 'gets', 'even', 'better', ""it's""]"
122,"['you', 'instantly', 'become', 'that', 'sounds', 'good', 'cook']"
123,"['love', 'this', 'give', 'your', 'different', 'type', 'dish', 'from', 'cultural']"
124,"['love', 'cooking', 'love', 'new', 'ideas', 'best', 'app', 'downloaded', 'for', 'recipes']"
125,"['very', 'good', 'but', 'it', 'possible', 'change', 'light', 'gray', 'letters', 'into', 'more', 'visible', 'color', 'its', 'so', 'hard', 'read', 'thank', 'you']"
126,"['this', 'app', 'by', 'far', 'one', 'of', 'greatest', 'food', 'apps', 'ever', 'it', 'amazes', 'me', 'how', 'it', 'keeps', 'growing', 'getting', 'better', 'better', 'am', 'chef', 'love', 'this', 'app']"
127,"['especially', 'love', 'meal', 'planner', 'grocery', 'list', 'functionality', 'has', 'definitely', 'helped', 'make', 'weekly', 'meal', 'planning', 'breeze', 'also', 'this', 'by', 'far', 'one', 'of', 'more', 'aesthetically', 'pleasing', 'recipe', 'type', 'apps', 'in', 'play', 'store']"
128,"['congratulations', 'rafa', 'silvia', '10', 'million', 'user', 'best', 'top', 'recommended', 'worldwide', 'homecooked', 'recipes', 'app', 'step', 'by', 'step', 'photo', 'instructions', 'its', 'easy', 'user', 'friendly', 'too', 'long', 'live', 'allthecooks']"
129,"['its', 'my', 'cook', 'book', 'love', 'it', 'its', 'gives', 'me', 'new', 'ideas', 'for', 'supper']"
130,"['like', 'homemade', 'recipes', 'easy', 'instructions', 'can', 'create', 'my', 'own', 'categories', 'also', 'helps', 'create', 'grocery', 'list']"
131,"['this', 'app', 'not', 'so', 'complicated', 'it', 'challenge', 'find', 'simple', 'recipe', 'like', 'many', 'of', 'other', 'available', 'recipe', 'sources']"
132,"['this', 'most', 'diverse', 'user', 'friendliest', 'app', 'have', 'found', 'seriously', 'thank', 'you', 'for', 'making', 'this', 'app']"
133,"['user', 'friendly', 'great', 'app']"
134,"['good', 'app', 'so', 'useful', 'thanks']"
135,"['loved', 'all', 'tools', 'available', 'very', 'interactive']"
136,"['use', 'this', 'all', 'time']"
137,"['all', 'it', 'does', 'open', 'app']"
138,"['like', 'mix']"
139,"['wow', 'thanks', 'for', 'recipes']"
140,"['love', 'love', 'love']"
141,"['great', 'app', 'love', 'dietary', 'preferences', 'categories', 'are', 'great', 'for', 'idea', 'browsing', 'great', 'way', 'record', 'share', 'new', 'recipes', 'only', 'thing', 'it', 'needs', 'more', 'recipes', 'recommend', 'it', 'for', 'sure']"
142,"['im', 'giving', 'stars', 'because', 'of', 'only', 'one', 'issue', 'have', 'if', 'scroll', 'down', 'page', 'of', 'lets', 'say', '250', 'recipes', 'click', 'on', 'one', 'recipe', 'see', 'it', 'then', 'hit', 'back', 'button', 'have', 'start', 'again', 'from', 'top', 'of', 'list', 'scroll', 'back', 'down', 'where', 'was', 'issue', 'was', 'addressed', 'developer', 'over', 'month', 'ago', 'but', 'no', 'reply']"
143,"['love', 'this', 'app', 'awesome', 'easy', 'fondant']"
144,"['all', 'recipes', 'now', 'in', 'my', 'pocket', 'am', 'master', 'chef', 'yayyy']"
145,"['don', 'like', 'how', 'you', 'can', 'scroll', 'any', 'more', 'it', 'clicks', 'in', 'place', 'bad', 'very', 'bad', ""don't"", ""can't""]"
146,"['absolutely', 'love', 'this', 'app', 'so', 'easy', 'use', 'great', 'recipes', 'at', 'your', 'fingertips']"
147,"['it', 'would', 'be', 'nice', 'if', 'you', 'add', 'option', 'find', 'recipe', 'by', 'ingredients', 'you', 'have']"
148,"['tons', 'of', 'recipes', 'you', 'can', 'add', 'your', 'own']"
149,"['best', 'recipe', 'app', 'in', 'my', 'opinion']"
150,"['love', 'this', 'app', 'so', 'much', 'never', 'know', 'what', 'cook', 'for', 'dinner', 'this', 'always', 'gives', 'me', 'ideas']"
151,"['my', 'mom', 'love', 'cooking', 'when', 'mom', 'died', 'miss', 'her', 'cooking', 'so', 'try', 'be', 'one', 'by', 'this', 'app', 'want', 'try', 'cook', 'much', 'can']"
152,"['easy', 'find', 'recipes', 'communicate', 'with', 'other', 'foodies']"
153,"['use', 'this', 'all', 'time']"
154,"['tons', 'of', 'variety', 'easy', 'use']"
155,"['great', 'app']"
156,"['great', 'app', 'with', 'plenty', 'of', 'quick', 'recipes']"
157,"['love', 'it']"
158,"['having', 'so', 'much', 'fun', 'with', 'this', 'app', 'wonderful', 'be', 'sharing', 'my', 'favourite', 'recipes', 'with', 'people', 'all', 'over', 'world']"
159,"['great', 'love', 'large', 'clear', 'pictures', 'of', 'recipes', 'layout', 'text', 'size', 'are', 'good', 'measurements', 'can', 'be', 'changed', 'mark', 'recipes', 'for', 'later', 'cooking', 'you', 'have', 'add', 'them', 'favourites', 'try', 'later', 'button', 'would', 'be', 'improvement', 'here', 'also', 'concept', 'of', 'forced', 'social', 'media', 'login', 'set', 'up', 'food', 'planner', 'misconceived']"
160,"['love', 'this', 'app', 'it', 'has', 'simple', 'easy', 'navigation', 'browsing', 'through', 'recipes', 'includes', 'ingredients', 'instructions', 'servings', 'along', 'with', 'helpful', 'comment', 'questions', 'sections', 'quick', 'adding', 'favs', 'with', 'tags', 'don', 'rely', 'on', 'nutritional', 'values', 'presented', 'most', 'are', 'way', 'off', 'otherwise', 'really', 'great', 'app', ""don't""]"
161,"['great', 'app', 'easy', 'use', 'really', 'helped', 'me', 'take', 'control', 'of', 'my', 'diet', 'achieve', 'weight', 'lose', 'must', 'have', 'app', 'for', 'anyone', 'serious', 'about', 'learning', 'good', 'eating', 'habits']"
162,"['can', 'tell', 'nothing', 'that', 'hasn', 'been', 'already', 'said', 'before', 'about', 'this', 'app', 'you', 'have', 'changed', 'my', 'life', ""can't"", ""hasn't""]"
163,"['great', 'app', 'like', 'bit', 'better', 'interface', 'create', 'your', 'own', 'library', 'of', 'foods', 'but', 'great', 'overall', ""i'd""]"
164,"['very', 'helpful', 'app', 'has', 'helped', 'me', 'eat', 'healthier', 'be', 'more', 'mindful', 'of', 'nutritional', 'value', 'composition', 'of', 'foods', 'eat', 'well', 'done', 'thanks']"
165,"['was', 'paying', 'for', 'weight', 'watchers', 'online', 'don', 'waste', 'ur', 'money', 'this', 'much', 'better', 'easier', 'use', ""don't""]"
166,"['this', 'app', 'amazing', 'has', 'everything', 'you', 'need', 'including', 'pretty', 'much', 'every', 'type', 'of', 'food', 'serving', 'sizes', 'highly', 'recommend', 'it', 'love', 'it', ""i'd""]"
167,"['love', 'this', 'app', 'simply', 'for', 'its', 'ease', 'of', 'use', 'vast', 'database', 'of', 'foods', 'their', 'nutritional', 'information', 'keep', 'it', 'up']"
168,"['great', 'tool', 'easy', 'use', 'food', 'database', 'well', 'stocked', 'easy', 'add', 'you', 'could', 'pay', 'for', 'lesser', 'app', 'website', 'but', 'why', 'would', 'you']"
169,"['this', 'app', 'helps', 'me', 'set', 'my', 'weight', 'goal', 'manage', 'my', 'food', 'reach', 'it', 've', 'lost', '10', 'lbs', 'so', 'far', 'when', 'you', 'add', 'your', 'friends', 'it', 'you', 'can', 'all', 'see', 'how', 'each', 'other', 'are', 'doing', 'encourage', 'one', 'another', 'what', 'great', 'app', 'for', 'diets', ""i've""]"
170,"['love', 'this', 'app', 'it', 'helping', 'me', 'control', 'my', 'calorie', 'intake', 've', 'lost', '4lbs', 'since', 'started', 'using', 'it', 'weeks', 'ago', 'very', 'easy', 'use', 'love', 'it', ""it's"", ""i've""]"
171,"['really', 'great', 'love', 'barcode', 'function', 'you', 'just', 'have', 'be', 'careful', 'make', 'sure', 'that', 'information', 'in', 'database', 'accurate']"
172,"['my', 'wife', 'have', 'found', 'program', 'easy', 'us', 'helpful', 'in', 'tracking', 'how', 'much', 'we', 'eat', 'each', 'day', 'in', 'order', 'reach', 'our', 'individual', 'goals', 'must', 'app', 'on', 'anyone', 'phone', 'for', 'good', 'consumption', ""anyone's""]"
173,"['have', 'used', 'this', 'app', 'for', 'close', 'year', 'love', 'it', 'very', 'user', 'friendly', 'you', 'can', 'even', 'add', 'your', 'own', 'recipes']"
174,"['easy', 'use', 'runs', 'smoothly', 'has', 'almost', 'every', 'food', 'exercise', 'add', 'it', 'very', 'helpful', 'keep', 'track', 'of', 'what', 'you', 'eat', ""it's""]"
175,"['love', 'how', 'almost', 'any', 'food', 'or', 'drink', 'can', 'be', 'found', 'great', 'functionality', 'syncs', 'with', 'my', 'endomondo', 'fit', 'bit', 'flex', 'with', 'no', 'problems']"
176,"['easy', 'use', 'love', 'scan', 'option', 'would', 'love', 'be', 'able', 'share', 'meal', 'with', 'my', 'husband', 'so', 'we', 'don', 'both', 'have', 'add', 'it', 'separately', 'though', ""don't""]"
177,"['great', 'calorie', 'tracker', 'so', 'very', 'handy', 'loved', 'it', 'from', 'day', 'one', 'use', 'it', 'daily', 'for', 'all', 'my', 'nutritional', 'tracking', 'requirments']"
178,"['pretty', 'good', 'app', 'for', 'freebee', 'only', 'use', 'it', 'for', 'calorie', 'counting', 'it', 'works', 'great', 'for', 'that']"
179,"['wonderful', 'app', 'found', 'almost', 'all', 'diff', 'types', 'of', 'food', 'perfect', 'twonderful', 'app', 'found', 'almost', 'all', 'diff', 'types', 'of', 'food', 'perfect']"
180,"['its', 'ease', 'of', 'use', 'index', 'of', 'products', 'amazing', 'highly', 'recommended']"
181,"['don', 'like', 'new', 'update', 'it', 'very', 'buggy', 'freezes', 'my', 'phone', 'up', 'won', 'allow', 'add', 'previous', 'day', 'work', 'overnights', 'so', 'when', 'go', 'add', 'complete', 'it', 'adds', 'present', 'my', 'view', 'why', 'have', 'this', 'app', 'if', 'it', 'won', 'work', 'get', 'it', 'fixed', 'then', 'll', 'redownload', 'it', ""don't"", ""won't"", ""won't"", ""i'll""]"
182,"['have', 'tried', 'installing', 'this', 'twice', 'now', 'it', 'still', 'won', 'let', 'me', 'sign', 'into', 'it', 'it', 'won', 'load', 'screens', 'fade', 'out', 'into', 'random', 'windows', 'can', 'do', 'anything', 'it', 'isn', 'great', 'have', 'been', 'told', ""won't"", ""won't"", ""can't"", ""isn't""]"
183,"['with', 'jenny', 'they', 'said', 'it', 'was', 'my', 'phone', 'reason', 'app', 'isnt', 'wrking', 'samsung', 'admirer', 'too', 'cannot', 'log', 'new', 'foods', 'thinking', 'new', 'app', 'could', 'be', 'nice', 'fix', 'this', 'stars', 'been', 'using', 'this', 'app', 'for', 'years', 'lost', '57', 'lbs', 'never', 'problem', 'until', 'past', 'months', 'or', 'so', ""i'm"", ""i'm""]"
184,"['how', 'this', 'app', 'has', 'stars', 'have', 'no', 'clue', '1st', 'time', 'user', 'cannot', 'create', 'username', 'which', 'comes', 'up', 'invalid', 'no', 'matter', 'what', 'put', 'in', 'going', 'uninstall', 'immediately']"
185,"['this', 'app', 'so', 'easy', 'use', 'with', 'pretty', 'much', 'every', 'food', 'in', 'their', 'database', 'have', 'been', 'using', 'it', 'for', 'over', 'year', 'now', 'have', 'lost', 'over', '35', 'pounds', 'tthis', 'app', 'so', 'easy', 'use', 'almost', 'every', 'food', 'already', 'in', 'calorie', 'search', 'if', 'it', 'not', 'you', 'can', 'easily', 'add', 'it', 'use', 'for', 'future', 'use', 'it', 'has', 'really', 'helped', 'me', 'keep', 'track', 'of', 'what', 'how', 'much', 'am', 'eating', ""it's""]"
186,"['this', 'app', 'really', 'helps', 'stick', 'ur', 'calorie', 'goals', 'dont', 'cheat', 'ur', 'only', 'cheating', 'yourself', 'needs', 'more', 'exercise', 'options', 'tho', 'but', 'its', 'good', 'free']"
187,"['this', 'has', 'really', 'helped', 'me', 'realize', 'just', 'how', 'many', 'calories', 'consume', 'burn', 'it', 'nice', 'see', 'weekly', 'average', 'so', 'don', 'feel', 'guilty', 'just', 'give', 'up', 'if', 'go', 'over', 'my', '1800', 'daily', 'limit', 'love', 'scan', 'feature', 'when', 'adding', 'foods', ""it's"", ""don't""]"
188,"['love', 'this', 'app', 'it', 'helps', 'manage', 'my', 'salt', 'intake', 'which', 'need', 'do', 'it', 'does', 'have', 'some', 'issues', 'like', 'not', 'putting', 'food', 'on', 'proper', 'day', 'locking', 'up', 'once', 'in', 'awhile', 'but', 'overall', 'willing', 'wait', 'for', 'bugs', 'be', 'fixed', ""i'm""]"
189,"['apart', 'from', 'fact', 'that', 'sometimes', 'adding', 'food', 'when', 'it', 'jumps', 'back', 'home', 'page', 'sometimes', 'doesn', 'sync', 'straightaway', 'with', 'my', 'computer', 'this', 'app', 'works', 'brilliantly', 'have', 'lost', 'weight', 'already', 'one', 'week', 'in', 'love', 'way', 'it', 'shows', 'you', 'when', 'you', 'complete', 'entry', 'roughly', 'how', 'much', 'you', 'could', 'weigh', 'in', 'five', 'weeks', 'great', 'incentive', ""i'm"", ""doesn't""]"
190,"['love', 'how', 'sometimes', 'can', 'find', 'obscure', 'ethnic', 'food', 'barcodes', 'dishes', 'since', 'can', 'read', 'french', 'spanish', 'korean', 'problem', 'notating', 'serving', 'size', 'has', 'been', 'fixed', 'or', 'at', 'least', 'think', 'it', 'has', 'love', 'functions', 'like', 'moving', 'items', 'different', 'meals', 'copying', 'meals', 'just', 'wish', 'there', 'were', 'more', 'exercise', 'options', 'add', 'in', 'for', 'my', 'weight', 'training', 'sometimes', 'it', 'freezes', 'has', 'reset', 'but', 'all', 'my', 'info', 'still', 'there', 'all', 'in', 'all', 'great', 'app']"
191,"['only', 'drawback', 'that', 'recipe', 'creation', 'doesn', 'allow', 'you', 'define', 'serving', 'size', 'unless', 'missing', 'something', ""doesn't"", ""i'm""]"
192,"['was', 'great', 'now', 'glitchy']"
193,"['this', 'app', 'has', 'been', 'most', 'helpful', 'resources', 'have', 'in', 'my', 'quest', 'for', 'losing', 'weight', 'but', 'of', 'lately', 'it', 'has', 'been', 'prone', 'freezing', 'stalling', 'or', 'simply', 'not', 'loading', 'all', 'have', 'even', 'experience', 'because', 'my', 'phone', 'completely', 'off', 'when', 'trying', 'access', 'app', 'needs', 'major', 'fix', 'for', 'spectrum', 'phone']"
194,"['great', 'motivation', 'if', 'ever', 'need', 'know', 'how', 'many', 'calories', 'can', 'find', 'out', 'quick', 'easy', 'also', 'helps', 'me', 'plan', 'my', 'day', 'even', 'when', 'get', 'super', 'busy']"
195,"['easy', 'use', 'detailed', 'great', 'tool', 'for', 'weight', 'loss', 'keeps', 'you', 'on', 'track', 'focused']"
196,"['started', 'using', 'it', 'weeks', 'ago', 'was', 'dreading', 'process', 'of', 'recording', 'daily', 'intake', 'was', 'pleasantly', 'surprised', 'with', 'user', 'friendly', 'interface', 'flexibility', 'record', 'food', 'intake', 'it', 'let', 'you', 'track', 'your', 'progress', 'record', 'activity', 'well', 'good', 'stuff', ""let's""]"
197,"['very', 'convenient', 'track', 'your', 'nutrition', 'makes', 'your', 'food', 'choices', 'more', 'conscious', 'updated', 'ui', 'way', 'better', 'but', 'that', 'would', 'be', 'great', 'too', 'more', 'international', 'foods', 'better', 'typing', 'correction', 'when', 'searching', 'pushing', 'more', 'popular', 'sports', 'platforms', 'movescount', 'polarpersonaltrainer', 'garmin', 'connect', 'thanks']"
198,"['its', 'very', 'good', 'it', 'has', 'every', 'thing', 'you', 'want', 'know', 'about', 'yet', 'its', 'boring', 'add', 'some', 'pictures', 'colors', 'will', 'rate', 'it', 'stars']"
199,"['only', 'thing', 'that', 'would', 'make', 'it', 'better', 'more', 'strength', 'activities', 'calories', 'burned', 'so', 'can', 'keep', 'accurate', 'track']"
200,"['it', 'seems', 'silly', 'that', 'just', 'recording', 'what', 'eat', 'would', 'have', 'such', 'significant', 'impact', 'but', 'it', 'does', 'have', 'admit', 'get', 'little', 'secret', 'thrill', 'when', 'enter', 'my', 'exercise', 'for', 'day', 'my', 'calorie', 'count', 'goes', 'down']"
201,"['only', 'con', 'that', 'you', 'have', 'create', 'nike', 'account']"
202,"['started', 'running', 'this', 'app', 'fantastic', 'just', 'downloaded', 'guess', 'what', 'found', 'coach', 'finally', 'this', 'awesome']"
203,"['love', 'nike', 'coach']"
204,"['keep', 'improving']"
205,"['terrible', 'for', 'treadmill', 'running']"
206,"['it', 'very', 'good', 'feature', 'hay', 'miss', 'so', 'much', 'just', 'switched', 'from', 'iphone', 'android', 'os', 'phone', 'there', 'many', 'things', 'im', 'missing', ""it's"", ""there's""]"
207,"['have', 'used', 'thus', 'app', 'with', 'both', 'android', 'apple', 'phones', 'two', 'different', 'carriers', 'sprint', 'verison', 'same', 'results', 'loses', 'track', 'of', 'distance', 'at', 'times', 'also', 'have', 'ran', 'with', 'friends', 'we', 'would', 'have', 'different', 'distances', 'at', 'end', 'of', 'run']"
208,"['my', 'last', 'two', 'runs', 'were', 'not', 'logged', 'at', 'end', 'of', 'each', 'run', 'got', 'notice', 'that', 'app', 'stopped', 'running', 'am', 'new', 'runner', 'logging', 'my', 'miles', 'getting', 'new', 'achievements', 'what', 'keeps', 'me', 'motivated', 'fix', 'it', 'please']"
209,"['still', 'love', 'this', 'app', 'it', 'has', 'crashed', 'couple', 'times', 'during', 'runs', 'because', 'deleted', 'song', 'it', 'tried', 'play', 'lost', 'my', 'run', 'info', 'few', 'times', 'now']"
210,"['this', 'app', 'was', 'great', 'at', 'first', 'but', 'no', 'longer', 'records', 'corrdct', 'distance', 'of', 'my', 'runs', 'new', 'runner', 'app', 'intended', 'motivate', 'not', 'frustrate', 'ios', 'app', 'allows', 'you', 'update', 'your', 'distance', 'not', 'sure', 'why', 'android', 'different', 'very', 'frustrated']"
211,"['superb', 'app', 'for', 'running', 'does', 'it', 'perfectly', 'whatever', 'it', 'says', 'in', 'description', 'five', 'stars', 'if', 'can', 'set', 'personal', 'challenges', 'without', 'inviting', 'friends']"
212,"['it', 'did', 'say', 'gps', 'connectivity', 'not', 'at', 'its', 'best', 'but', 'everyone', 'since', 'last', 'weeks', 'it', 'gives', 'inaccurate', 'distance', 'shows', '2km', 'when', 'had', 'just', 'ran', '1km', 'checked', 'in', 'my', 'wife', 'app', 'other', 'time', 'it', 'started', 'moving', 'even', 'faster', 'after', 'first', '1km', 'saying', 'another', '1km', 'in', 'next', 'min', 'another', 'in', 'next', 'min', 'spoils', 'miss', 'run', ""wife's""]"
213,"['finally', 'had', 'my', 'first', 'unexpected', 'error', 'when', 'run', 'miles', 'got', 'achievement', 'when', 'want', 'check', 'out', 'what', 'are', 'these', 'achievement', 'app', 'crushed', 'every', 'single', 'time', 'also', 'when', 'do', 'nike', 'plan', 'update', 'this', 'app', 'it', 'seems', 'nike', 'running', 'has', 'update', 'on', 'ios', 'please', 'show', 'some', 'respect', 'android', 'user', 'update', 'asap']"
214,"['make', 'it', 'so', 'we', 'can', 'add', 'run', 'manually', 'get', 'off', 'apple', 'dick', 'there', 'no', 'reason', 'iphone', 'can', 'do', 'it', 'but', 'galaxy', 'can', 'fix', 'it', 'it', 'will', 'be', 'stars', ""apple's"", ""can't""]"
215,"['so', 'when', 'first', 'started', 'using', 'nike', 'years', 'ago', 'they', 'had', 'coaching', 'on', 'nike', 'website', 'now', 'its', 'only', 'available', 'through', 'facebook', 'iphones', 'outside', 'of', 'differences', 'in', 'android', 'ios', 'apps', 'love', 'it', 'gps', 'tracking', 'comparing', 'your', 'friends', 'pace', 'analysis', 'its', 'awesome', 'love', 'it']"
216,"['just', 'crashes', 'all', 'time', 'now', 'nike', 'support', 'suggested', 'that', 'uninstall', 'reinstall', 'it', 'did', 'that', 'now', 'it', 'wont', 'even', 'let', 'me', 'login', 'my', 'profile', 'will', 'update', 'my', 'rating', 'only', 'when', 'it', 'comes', 'back', 'online', 'for', 'me', 'when', 'it', 'worked', 'it', 'was', 'just', 'perfect', 'for', 'what', 'it', 'was', 'until', 'it', 'crashed', 'so', 'badly']"
217,"['love', 'this', 'app', 'have', 'never', 'run', 'into', 'any', 'trouble', 'only', 'thing', 'preventing', 'me', 'from', 'rating', 'it', 'five', 'out', 'of', 'five', 'that', 'there', 'are', 'features', 'available', 'on', 'iphone', 'that', 'aren', 'available', 'on', 'android', 'want', 'my', 'coaches', ""aren't""]"
218,"['move', 'around', 'lot', 'unfortunately', 'in', 'key', 'west', 'fl', 'my', 'calibration', 'has', 'been', 'severely', 'off', 'despite', 'fact', 'subscribe', 'actual', 'internet', 'service', 'on', 'my', 'phone', 'not', 'just', 'mercy', 'of', 'wifi', 'hope', 'you', 'can', 'fix', 'update', 'this', 'app', 'more', 'regularly', 'since', 'use', 'it', 'often']"
219,"['where', 'were', 'you', 'all', 'these', 'days', 'my', 'dear', 'nike', 'running', 'app', 'guess', 'wait', 'for', 'this', 'app', 'was', 'worth', 'it', 'now', 'for', 'review', 'this', 'app', 'amazing', 'interface', '5stars', 'work', 'info', '5stars', 'gps', 'tracking', 'auto', 'voice', 'info', 'are', 'best', 'features', 'all', 'in', 'all', 'its', 'must', 'have', 'app', 'for', 'workout', 'freaks', 'good', 'job', 'nike']"
220,"['am', 'currently', 'using', 'sony', 'xperia', 'use', 'app', 'on', 'daily', 'basis', 'it', 'great', 'app', 'but', 'distance', 'it', 'says', 'run', 'well', 'calculations', 'it', 'does', 'are', 'wrong', 'would', 'very', 'much', 'like', 'support', 'you', 'but', 'until', 'this', 'problem', 'fixed', 'cannot', ""it's""]"
221,"['it', 'very', 'good', 'feature', 'hay', 'miss', 'so', 'much', 'just', 'switched', 'from', 'iphone', 'android', 'os', 'phone', 'there', 'many', 'things', 'im', 'missing', ""it's"", ""there's""]"
222,"['have', 'used', 'thus', 'app', 'with', 'both', 'android', 'apple', 'phones', 'two', 'different', 'carriers', 'sprint', 'verison', 'same', 'results', 'loses', 'track', 'of', 'distance', 'at', 'times', 'also', 'have', 'ran', 'with', 'friends', 'we', 'would', 'have', 'different', 'distances', 'at', 'end', 'of', 'run']"
223,"['my', 'last', 'two', 'runs', 'were', 'not', 'logged', 'at', 'end', 'of', 'each', 'run', 'got', 'notice', 'that', 'app', 'stopped', 'running', 'am', 'new', 'runner', 'logging', 'my', 'miles', 'getting', 'new', 'achievements', 'what', 'keeps', 'me', 'motivated', 'fix', 'it', 'please']"
224,"['still', 'love', 'this', 'app', 'it', 'has', 'crashed', 'couple', 'times', 'during', 'runs', 'because', 'deleted', 'song', 'it', 'tried', 'play', 'lost', 'my', 'run', 'info', 'few', 'times', 'now']"
225,"['this', 'app', 'was', 'great', 'at', 'first', 'but', 'no', 'longer', 'records', 'corrdct', 'distance', 'of', 'my', 'runs', 'new', 'runner', 'app', 'intended', 'motivate', 'not', 'frustrate', 'ios', 'app', 'allows', 'you', 'update', 'your', 'distance', 'not', 'sure', 'why', 'android', 'different', 'very', 'frustrated']"
226,"['superb', 'app', 'for', 'running', 'does', 'it', 'perfectly', 'whatever', 'it', 'says', 'in', 'description', 'five', 'stars', 'if', 'can', 'set', 'personal', 'challenges', 'without', 'inviting', 'friends']"
227,"['it', 'did', 'say', 'gps', 'connectivity', 'not', 'at', 'its', 'best', 'but', 'everyone', 'since', 'last', 'weeks', 'it', 'gives', 'inaccurate', 'distance', 'shows', '2km', 'when', 'had', 'just', 'ran', '1km', 'checked', 'in', 'my', 'wife', 'app', 'other', 'time', 'it', 'started', 'moving', 'even', 'faster', 'after', 'first', '1km', 'saying', 'another', '1km', 'in', 'next', 'min', 'another', 'in', 'next', 'min', 'spoils', 'miss', 'run', ""wife's""]"
228,"['finally', 'had', 'my', 'first', 'unexpected', 'error', 'when', 'run', 'miles', 'got', 'achievement', 'when', 'want', 'check', 'out', 'what', 'are', 'these', 'achievement', 'app', 'crushed', 'every', 'single', 'time', 'also', 'when', 'do', 'nike', 'plan', 'update', 'this', 'app', 'it', 'seems', 'nike', 'running', 'has', 'update', 'on', 'ios', 'please', 'show', 'some', 'respect', 'android', 'user', 'update', 'asap']"
229,"['so', 'when', 'first', 'started', 'using', 'nike', 'years', 'ago', 'they', 'had', 'coaching', 'on', 'nike', 'website', 'now', 'its', 'only', 'available', 'through', 'facebook', 'iphones', 'outside', 'of', 'differences', 'in', 'android', 'ios', 'apps', 'love', 'it', 'gps', 'tracking', 'comparing', 'your', 'friends', 'pace', 'analysis', 'its', 'awesome', 'love', 'it']"
230,"['just', 'crashes', 'all', 'time', 'now', 'nike', 'support', 'suggested', 'that', 'uninstall', 'reinstall', 'it', 'did', 'that', 'now', 'it', 'wont', 'even', 'let', 'me', 'login', 'my', 'profile', 'will', 'update', 'my', 'rating', 'only', 'when', 'it', 'comes', 'back', 'online', 'for', 'me', 'when', 'it', 'worked', 'it', 'was', 'just', 'perfect', 'for', 'what', 'it', 'was', 'until', 'it', 'crashed', 'so', 'badly']"
231,"['move', 'around', 'lot', 'unfortunately', 'in', 'key', 'west', 'fl', 'my', 'calibration', 'has', 'been', 'severely', 'off', 'despite', 'fact', 'subscribe', 'actual', 'internet', 'service', 'on', 'my', 'phone', 'not', 'just', 'mercy', 'of', 'wifi', 'hope', 'you', 'can', 'fix', 'update', 'this', 'app', 'more', 'regularly', 'since', 'use', 'it', 'often']"
232,"['where', 'were', 'you', 'all', 'these', 'days', 'my', 'dear', 'nike', 'running', 'app', 'guess', 'wait', 'for', 'this', 'app', 'was', 'worth', 'it', 'now', 'for', 'review', 'this', 'app', 'amazing', 'interface', '5stars', 'work', 'info', '5stars', 'gps', 'tracking', 'auto', 'voice', 'info', 'are', 'best', 'features', 'all', 'in', 'all', 'its', 'must', 'have', 'app', 'for', 'workout', 'freaks', 'good', 'job', 'nike']"
233,"['am', 'currently', 'using', 'sony', 'xperia', 'use', 'app', 'on', 'daily', 'basis', 'it', 'great', 'app', 'but', 'distance', 'it', 'says', 'run', 'well', 'calculations', 'it', 'does', 'are', 'wrong', 'would', 'very', 'much', 'like', 'support', 'you', 'but', 'until', 'this', 'problem', 'fixed', 'cannot', ""it's""]"
234,"['seems', 'like', 'pretty', 'cool', 'app', 'in', 'south', 'africa', 'majority', 'of', 'rest', 'of', 'world', 'we', 'work', 'with', 'km', 'am', 'missing', 'something', 'or', 'there', 'no', 'way', 'of', 'changing', 'this', 'pls', 'help']"
235,"['after', 'update', 'all', 'my', 'runs', 'are', 'gone', 'yet', 'all', 'my', 'awards', 'from', 'past', 'are', 'all', 'still', 'there', 'used', 'give', 'it', 'star', 'just', 'make', 'it', 'right', 'again', 'nike']"
236,"['motivated', 'compete', 'against', 'friends', 'little', 'slow', 'between', 'screens', 'had', 'issues', 'not', 'registering', 'where', 'was', 'miscalculated', 'some', 'runs']"
237,"['app', 'was', 'fine', 'until', 'updated', 'my', 'phone', 'android', 'since', 'then', 'updates', 'for', 'this', 'app', 'have', 'created', 'more', 'more', 'bugs', 'don', 'get', 'me', 'wrong', 'this', 'app', 'brilliant', 'when', 'works', 'properly', 'but', 'when', 'it', 'fails', 'record', 'all', 'of', 'your', 'run', 'because', 'it', 'pauses', 'itself', 'or', 'freezes', 'afterwards', 'it', 'really', 'annoying', 'because', 'know', 'this', 'app', 'can', 'be', 'great', 'when', 'it', 'works', ""don't"", ""it's""]"
238,"['ve', 'been', 'using', 'this', 'app', 'since', 'it', 'was', 'released', 've', 'used', 'both', 'ois', 'android', 'versions', 'currently', 'have', 'android', 'phone', 'but', 'prefer', 'ois', 'version', 'of', 'app', 'some', 'areas', 'have', 'problems', 'with', 'gps', 'but', 'overall', 'very', 'good', 'app', 'use', 'it', 'every', 'time', 'run', ""i've"", ""i've""]"
239,"['app', 'needs', 'be', 'updated', 'so', 'that', 'we', 'can', 'still', 'invite', 'people', 'challenges', 'before', 'they', 'start', 'it', 'really', 'sucks', 'that', 'we', 'can', 'only', 'send', 'out', 'one', 'invite', 'why', 'can', 'add', 'ppl', 'challenge', 'that', 'hasn', 'started', ""can't"", ""hasn't""]"
240,"['reset', 'password', 'times', 'can', 'log', 'in', 'through', 'web', 'but', 'not', 'in', 'app', 'please', 'help', 'me', 'please', 'fix', 'this']"
241,"['great', 'updates', 'love', 'extent', 'of', 'customization', 'app', 'that', 've', 'definitely', 'integrated', 'into', 'my', 'life', ""i've""]"
242,"['loving', 'interface', 'its', 'cute', 'layout', 'very', 'helpful', 'app', 'know', 'my', 'own', 'cycle']"
243,"['this', 'app', 'easy', 'use', 'very', 'handy', 'gives', 'good', 'options', 'pretty', 'accurate', 'love', 'it']"
244,"['nice', 'app', 'love', 'design', 'many', 'nice', 'options', 'overall', 'impressed']"
245,"['love', 'all', 'options', 'tracking', 'of', 'almost', 'everything', 'wonderful', 'backup', 'feature', 'was', 'seamless', 'when', 'had', 'reinstall', 'my', 'os', 'htc', 'hd2', 'running', 'android', 'email', 'report', 'backup', 'could', 'be', 'easier', 'read', 'thank', 'you', 'for', 'this', 'love', 'having', 'it']"
246,"['this', 'normally', 'brilliant', 'app', 'but', 'for', 'some', 'reason', 'has', 'completely', 'stopped', 'working', 'please', 'sort', 'fix', 'out', 'soon', 'tthis', 'normally', 'brilliant', 'app', 'but', 'for', 'some', 'reason', 'has', 'completely', 'stopped', 'working', 'please', 'sort', 'fix', 'out', 'soon']"
247,"['very', 'easy', 'use', 'have', 'recommended', 'all', 'of', 'my', 'friends', 'download', 'it', 'with', 'confidence']"
248,"['am', '13', 'using', 'this', 'app', 'realy', 'helps', 'me', 'keep', 'track', 'know', 'when', 'my', 'next', 'cycle', 'coming', 'love', 'how', 'you', 'get', 'rite', 'note', 'put', 'you', 'moods', 'lol']"
249,"['am', 'only', 'just', 'starting', 'calculate', 'my', 'cycle', 'have', 'missed', 'period', 'am', 'hopeful', 'also', 'love', 'way', 'you', 'can', 'backup', 'your', 'data', 'so', 'you', 'can', 'restore', 'onto', 'your', 'other', 'devices', 'but', 'will', 'definitely', 'continue', 'use', 'this', 'app', 'love', 'it', 'thankyou', 'all', 'give', 'star', 'soon', 'put', 'it', 'test', 'properly']"
250,"['not', 'into', 'design', 'but', 'really', 'like', 'app', 'it', 'helpful', ""it's""]"
251,"['love', 'this', 'app', 'tracks', 'so', 'much', 'more', 'than', 'your', 'period']"
252,"['so', 'far', 'so', 'good', 'just', 'dl', 'this', 'app', 'days', 'ago', 'my', 'period', 'always', 'irregular', 'so', 'let', 'see', ""let's""]"
253,"['love', 'this', 'app', 'gbu']"
254,"['great', 'easy', 'use', 'thanks']"
255,"['love', 'this', 'app', 'it', 'very', 'accurate', ""it's""]"
256,"['great', 'wonderfully', 'put', 'together', 'app']"
257,"['this', 'app', 'brilliant', 'keeps', 'me', 'up', 'date', 'when', 'due', 'my', 'memory', 'terrible', 'fantastic', 'app', 'would', 'definitely', 'recommend', ""i'm""]"
258,"['love', 'love', 'love', 'this', 'app', 'always', 'right', 'on', 'sometimes', 'day', 'early', 'or', 'late', 'but', 'right', 'on', 'nd', 'love', 'it', 'nd', 'all', 'things', 'store', 'in', 'it', 'great', 'app']"
259,"['this', 'app', 'helpful', 'with', 'identifying', 'symptoms', 'app', 'also', 'removes', 'calculation', 'guess', 'work', 'helpful', 'during', 'dr', 'visits']"
260,"['love', 'everything', 'about', 'this', 'app', 'does', 'everything', 'that', 'need', 'it', 'do', 'especially', 'because', 'my', 'cycle', 'isn', 'your', 'average', 'cycle', ""isn't""]"
261,"['nice', 'basic', 'app', 'does', 'what', 'it', 'needs', 'do', 'have', 'not', 'had', 'it', 'long', 'enough', 'see', 'how', 'accurate', 'it', 'wish', 'it', 'had', 'better', 'notations', 'for', 'intimacy', 'other', 'than', 'making', 'special', 'comments']"
262,"['love', 'this', 'app', 'it', 'exactly', 'what', 'need', 'it', 'gives', 'me', 'opportunity', 'show', 'my', 'cycle', 'symptoms', 'write', 'notes', 'on', 'how', 'im', 'feeling', 'just', 'awesome']"
263,"['cheery', 'slick', 'helpful', 'be', 'great', 'if', 'bit', 'more', 'accurate', 'but', 'no', 'one', 'controls', 'human', 'body']"
264,"['finally', 'found', 'fantastic', 'app', 'thank', 'you', 'thank', 'you', 'during', 'this', 'time', 'at', 'my', 'age', 'my', 'cycle', 'so', 'erratic', 'this', 'app', 'will', 'allow', 'me', 'keep', 'constant', 'track', 'plus', 'plus', 'keep', 'up', 'great', 'work']"
265,"['great', 'ap', 'love', 'that', 'there', 'so', 'much', 'more', 'than', 'just', 'tracking', 'flow', 'symptoms', 'tracker', 'great', 'for', 'dr', ""there's""]"
266,"['this', 'app', 'great', 'overrall', 'but', 'biggest', 'downfall', 'how', 'obvious', 'it', 'was', 'on', 'train', 'other', 'day', 'when', 'was', 'putting', 'in', 'intercourse', 'this', 'pop', 'up', 'came', 'up', 'asking', 'if', 'used', 'condom', 'or', 'not', 'two', 'animated', 'condoms', 'popped', 'up', 'on', 'my', 'screen', 'also', 'other', 'day', 'was', 'letting', 'my', 'guy', 'friend', 'use', 'my', 'phone', 'other', 'day', 'notification', 'popped', 'up', 'telling', 'me', 'period', 'due', 'tomorrow', 'just', 'right', 'there', 'on', 'middle', 'of', 'screen', 'come', 'on', 'make', 'this', 'little', 'more', 'subtle', ""period's""]"
267,"['done', 'having', 'kids', 'but', 'still', 'like', 'keep', 'track', 'this', 'app', 'straightforward', 'easy', 'use', 'it', 'has', 'mood', 'symptom', 'trackers', 'which', 'are', 'really', 'helpful', 'very', 'accurate', 'at', 'predicting', 'one', 'feature', 'it', 'lacks', 'doozy', 'that', 'ability', 'override', 'ovulation', 'based', 'on', 'your', 'luteal', 'phase', 'being', 'longer', 'or', 'shorter', 'mine', 'so', 'when', 'do', 'ovulate', 'which', 'can', 'feel', 'have', 'pit', 'it', 'in', 'notes', 'so', 'my', 'calendar', 'isn', 'correct', 'at', 'glance', 'if', 'it', 'had', 'that', 'one', 'key', 'feature', 'it', 'be', 'stars', ""i'm"", ""that's"", ""isn't"", ""it'd""]"
268,"['enjoyed', 'app', 'pretty', 'much', 'until', 'they', 'upgraded', 'it', 'took', 'off', 'ovulation', 'icons', 'it', 'was', 'much', 'cooler', 'becuz', 'could', 'see', 'those', 'days', 'if', 'don', 'mind', 'can', 'we', 'have', 'that', 'back', 'plz', ""don't""]"
269,"['love', 'this', 'app', 'easy', 'use', 'awesome', 'features', 'back', 'up', 'feature', 'great', 'all', 'my', 'data', 'easily', 'downloaded', 'my', 'new', 'phone']"
270,"['do', 'you', 'offer', 'paid', 'version', 'mean', 'all', 'of', 'adds', 'are', 'ridiculous', 'too', 'easy', 'accidentally', 'hit']"
271,"['app', 'girly', 'like', 'how', 'it', 'says', 'my', 'calendar', 'on', 'your', 'phone', 'but', 'feel', 'like', 'app', 'should', 'be', 'little', 'bit', 'better', 'in', 'my', 'opinion', 'like', 'maybe', 'have', 'lock', 'on', 'it', 'so', 'pesky', 'people', 'won', 'be', 'able', 'get', 'into', 'it', 'make', 'it', 'private', 'basically', 'it', 'good', 'app', 'stars', ""won't"", ""it's""]"
272,"['love', 'how', 'they', 'have', 'variety', 'of', 'moods', 'symptons', 'choose', 'from', 'really', 'wish', 'they', 'could', 'allow', 'data', 'be', 'transferred', 'out', 'via', 'email', 'or', 'smthg', 'so', 'that', 'data', 'will', 'be', 'available', 'for', 'restoring', 'if', 'user', 'has', 'changed', 'hp']"
273,"['love', 'simplicity', 'remind', 'me', 'about', 'my', 'period', 'time', 'having', 'private', 'notification', 'private', 'calendar', 'in', 'fun', 'colorful', 'apps']"
274,"['love', 'this', 'app', 'very', 'accurate', 'cute', 'love', 'forum', 'use', 'it', 'whenever', 'have', 'question', 'nonetheless', 'this', 'app', 'recommended', 'friends', 'family']"
275,"['great', 'app']"
276,"['my', 'memory', 'really', 'bad', 'was', 'using', 'this', 'app', 'keep', 'track', 'of', 'my', 'cycle', 've', 'tried', 'put', 'in', 'this', 'month', 'app', 'has', 'disappeared', 'along', 'with', 'all', 'data', 'has', 'anyone', 'else', 'had', 'this', 'problem', ""i've"", ""month's""]"
277,"['very', 'good', 'app', 'its', 'probably', 'only', 'one', 'that', 'doesn', 'force', 'closed', 'others', 'have', 'downloaded', 'its', 'very', 'accurate', 'does', 'everything', 'need', 'it', ""doesn't""]"
278,"['its', 'pretty', 'accurate', 'for', 'most', 'part', 'this', 'month', 'it', 'was', 'only', 'one', 'day', 'off', 'but', 'my', 'body', 'weird', 'so', 'can', 'count', 'of', 'for', 'that', 'you', 'should', 'add', 'heavy', 'feeling', 'because', 'that', 'how', 'feel', 'right', 'now', 'fat', 'heavy', 'bloated', 'gassy', ""can't"", ""that's""]"
279,"['love', 'it', 'has', 'sooo', 'many', 'descriptions', 'of', 'how', 'may', 'be', 'feeling', 'or', 'symptoms', 'its', 'easy', 'navigate']"
280,"['easy', 'use', 'backup', 'very', 'accurate', 'helpful']"
281,"['everyone', 'must', 'have', 'this', 'app', 'so', 'amazing', 'got', 'great', 'results', 'in', 'just', 'two', 'days', 'most', 'favourite', 'more', 'than', 'subway', 'surfers']"
282,"['best', 'app', 'ever', 'so', 'well', 'designed', 'easy', 'navigate']"
283,"['expect', 'it', 'me', 'more', 'smooth', 'clutter', 'free', 'it', 'good', 'but', 'can', 'be', 'simpler', ""it's""]"
284,"['great', 'app', 'easy', 'follow', 'worlkouts', 'no', 'need', 'go', 'gym', 'anymore', 'brilliant', 'plus']"
285,"['great', 'app', 'no', 'need', 'for', 'trainer', 'you', 'can', 'work', 'at', 'you', 're', 'own', 'pace', ""you're""]"
286,"['love', 'this', 'app', 'it', 'informative', 'helps', 'keep', 'me', 'motivated', 'get', 'stay', 'in', 'shape', 'thanks', 'for', 'creating', 'this', 'easy', 'use', 'app', ""it's""]"
287,"['this', 'app', 'amazing', 'my', 'shoulders', 'chest', 'have', 'never', 'been', 'so', 'toned', 'in', 'my', 'life', 'this', 'app', 'has', 'great', 'workouts', 'tone', 'muscle', 'star', 'definitely']"
288,"['gear', 'exercises', 'workout', 'routines', 'when', 'it', 'says', 'moderate', 'it', 'truly', 'moderate', 'you', 'can', 'schedule', 'days', 'complete', 'series', 'which', 'good', 'for', 'me', 'my', 'schedule', 'awesome', 'app', 'enjoy', 'using', 'it']"
289,"['this', 'app', 'helps', 'you', 'out', 'with', 'many', 'dirrent', 'type', 'of', 'workouts', 'exercises', 'fitness', 'programs', 'ti', 'really', 'like', 'this', 'app', 'because', 'it', 'has', 'variety', 'of', 'workouts', 'but', 'would', 'like', 'if', 'their', 'were', 'free', 'fitness', 'programs', 'instead', 'of', 'paying', 'for', 'them']"
290,"['love', 'this', 'app', 'so', 'much', 'that', 'think', 'everyone', 'should', 'have', 'access', 'it', 'be', 'my', 'own', 'personal', 'trainer', 'hear', 'my', 'voice', 'when', 'it', 'time', 'workout', 'motivated', 'me', 'even', 'more', 'feel', 'burn', 'go', 'into', 'forums', 'chat', 'with', 'others', 'like', 'myself', ""it's""]"
291,"['its', 'good', 'but', 'fact', 'that', 'you', 'can', 'see', 'how', 'do', 'workout', 'three', 'constant', 'bug', 'upgrade', 'yea', 'not', 'my', 'thing', 'uninstall', ""can't""]"
292,"['it', 'best', 'workout', 'app', 'out', 'there', 'it', 'effective', 'whatever', 'part', 'of', 'your', 'body', 'you', 'wanna', 'focus', 'on', 'trimming', 'they', 'have', 'everything', 'help', 'those', 'muscles', 'tone', 'wonderful', 'app', ""it's"", ""it's""]"
293,"['makes', 'doing', 'quick', 'high', 'intensity', 'workouts', 'easy', 'in', 'your', 'own', 'home', 'could', 'have', 'it', 'so', 'that', 'transition', 'pictures', 'show', 'you', 'position', 'you', 'need', 'get', 'into', 'for', 'next', 'exercise', 'though', 'overall', 'great', 'ap']"
294,"['must', 'say', 'that', 'am', 'very', 'impressed', 'with', 'workout', 'trainer', 'have', 'tried', 'few', 'of', 'these', 'workouts', 'they', 'are', 'extremely', 'effective', 'one', 'gripe', 'about', 'app', 'that', 'trainer', 'talks', 'bit', 'much']"
295,"['aps', 'need', 'add', 'instagram', 'so', 'we', 'can', 'find', 'add', 'friends', 'hurry', 'its', 'great', 'exercise', 'nd', 'motivation', 'fitness', 'all', 'way']"
296,"['easy', 'follow', 'along', 'great', 'workouts', 'even', 'reminds', 'me', 'get', 'up', 'stop', 'being', 'lazy']"
297,"['it', 'works', 'gets', 'job', 'done', 'it', 'also', 'has', 'really', 'good', 'amount', 'of', 'supporting', 'people', 'that', 'helps']"
298,"['so', 'far', 'so', 'good', 'lots', 'of', 'free', 'workouts', 'choose', 'from', 'love', 'premade', 'workouts', 'looking', 'forward', 'using', 'this', 'everyday']"
299,"['love', 'app', 'workouts', 'will', 'upgrade', 'stars', 'if', 'add', 'ability', 'use', 'chromecast', 'so', 'can', 'stream', 'it', 'my', 'tv']"
300,"['thanks', 'for', 'updating', 'notification', 'bug', 'now', 'when', 'click', 'it', 'sends', 'me', 'directly', 'that', 'new', 'workout', 'shakerciser', 'coolest', 'app', 'feature', 've', 'used', 'in', 'long', 'time', 'so', 'tempted', 'be', 'wimp', 'when', 'choosing', 'workout', 'now', 'it', 'picks', 'for', 'me', 'some', 'days', 'are', 'easy', 'some', 'tough', 'way', 'cool', ""i've"", ""i'm""]"
301,"['this', 'awesome', 'app', 'plenty', 'of', 'free', 'workouts', 'choose', 'from', 'don', 'enjoy', 'working', 'out', 'when', 'other', 'people', 'are', 'home', 'can', 'afford', 'gym', 'membership', 'this', 'great', 'alternative', ""don't"", ""can't""]"
302,"['they', 'didnt', 'tell', 'me', 'what', 'do', 'was', 'lost', 'at', 'how', 'do', 'any', 'of', 'workouts', 'because', 'didnt', 'have', 'time', 'stop', 'read', 'description', 'guess', 'this', 'only', 'for', 'people', 'who', 'know', 'every', 'exercise']"
303,"['this', 'app', 'amazing', 'everything', 'going', 'pro', 'but', 'they', 'still', 'offer', 'lot', 'of', 'free', 'effective', 'workouts', 'well', 'love', 'zombie', 'apocalypse', 'workout', 'by', 'sd3', 'he', 'always', 'makes', 'fun', 'fat', 'burning', 'workouts', 'also', 'majority', 'of', 'workouts', 'gives', 'great', 'details', 'on', 'how', 'do', 'it', 'correct', 'posture', 'even', 'gives', 'you', 'motivation', 'like', 'good', 'job', 'you', 've', 'got', 'this', 'half', 'way', 'through', 'workout', 'set', 'would', 'definitely', 'recommend', 'this', 'app', 'anyone', 'trying', 'lose', 'weight']"
304,"['used', 'really', 'love', 'this', 'app', 'used', 'it', 'all', 'time', 'for', 'bit', 'of', 'inspiration', 'create', 'plan', 'my', 'workouts', 'logged', 'in', 'today', 'find', 'out', 'that', 'all', 'of', 'sudden', 'can', 'no', 'longer', 'even', 'edit', 'my', 'previously', 'created', 'workouts', 'very', 'unhappy', 'feel', 'though', 'if', 'this', 'was', 'going', 'be', 'paid', 'app', 'it', 'should', 'have', 'just', 'said', 'so', 'from', 'start', 'don', 'appreciate', 'getting', 'fewer', 'features', 'with', 'each', 'update', ""i'm"", ""don't""]"
305,"['best', 'wo', 'app', 'ever', 'nice', 'team', 'of', 'people', 'motivating', 'each', 'other', 'live', 'good', 'life']"
306,"['paid', 'for', '$14', 'subscription', 'year', 'ago', 'suddenly', 'have', 'pay', 'for', 'that', 'again', 'become', 'lifetime', 'subscriber', 'even', 'if', 'you', 'pay', 'subscription', 'you', 'will', 'have', 'pay', 'further', 'fees', 'for', 'more', 'advanced', 'training', 'programs', 'which', 'are', 'locked']"
307,"['this', 'app', 'helps', 'you', 'complete', 'your', 'goal', 'it', 'works', 'if', 'you', 'work', 'you', 'it']"
308,"['clicking', 'most', 'things', 'on', 'main', 'page', 'of', 'app', 'takes', 'you', 'premium', 'service', 'page', 'actually', 'getting', 'into', 'workout', 'needs', 'be', 'easier', 'we', 'all', 'know', 'there', 'are', 'premium', 'options', 'but', 'don', 'make', 'all', 'avenues', 'point', 'them', ""don't""]"
309,"['went', 'from', 'iphone', 'droid', 'couldnt', 'remember', 'name', 'of', 'this', 'found', 'it', 'woooooo', 'hooooo', 'best', 'app']"
310,"['this', 'app', 'wonderful', 'even', 'went', 'pro', 'amp', 'up', 'my', 'workouts', 'at', 'one', 'point', 'how', 'wonderful', 'this', 'app', 'you', 'ask', 'well', 'lost', '80lbs', 'by', 'this', 'app', 'alone', 'will', 'reach', 'my', 'goal', 'of', '150lbs', 'this', 'year', 'of', 'course', 'you', 'have', 'put', 'in', 'work', 'but', 'it', 'shows', 'you', 'how', 'do', 'every', 'exercise', 'technique', 'you', 'can', 'think', 'of', 'without', 'paying', 'hundred', 'of', 'dollars', 'for', 'gym', 'trainer', 'what', 'are', 'you', 'waiting', 'for', 'download', 'now', 'feel', 'free', 'look', 'me', 'up', 'airiel', 'merritte']"
311,"['not', 'all', 'workouts', 'are', 'based', 'on', 'time', 'would', 'like', 'see', 'function', 'make', 'sets', 'of', 'reps', 'not', 'just', 'time']"
312,"['love', 'this', 'app', 'even', 'if', 'you', 'can', 'purchase', 'it', 'you', 'still', 'get', 'awesome', 'benefits', ""can't""]"
313,"['absolutely', 'love', 'this', 'app', 'so', 'many', 'different', 'exercise', 'routines', 'even', 'if', 'you', 'only', 'have', 'minutes', 'there', 'workout', 'can', 'do', 'chances', 'are', 'that', 'once', 've', 'done', 'mins', 'find', 'anothet', 'mins', 'spare', 'would', 'definately', 'recommend', 'this', 'app', 'friends', ""i've""]"
314,"['what', 'amazing', 'application', 'totally', 'worth', 'every', 'penny', 'use', 'this', 'application', 'specially', 'on', 'days', 'don', 'wanna', 'drive', 'my', 'gym', 'workout', 'home', 'would', 'highly', 'recommend', 'all', 'fitness', 'enthusiasts', ""don't""]"
315,"['ve', 'been', 'using', 'workout', 'trainer', 'for', 'about', 'two', 'weeks', 'really', 'like', 'variety', 'intensity', 'levels', 'programs', 'videos', 'it', 'has', 'way', 'it', 'could', 'improve', 'have', 'real', 'life', 'videos', 'for', 'all', 'workouts', 'has', 'them', 'for', 'most', 'already', ""i've""]"
316,"['now', 'if', 'only', 'could', 'buy', 'motivation', 'from', 'google', 'play', 'store', 'would', 'be', 'all', 'set']"
317,"['good', 'app', 'not', 'buggy', 'full', 'of', 'free', 'workouts', 'good', 'job', 'done', 'by', 'dev', 'team']"
318,"['like', 'this', 'workout', 'app', 'best', 'today']"
319,['awsome']
320,"['this', 'awesome', 'app', 'workouts', 'are', 'great']"
321,"['why', 'unexplained', 'need', 'for', 'new', 'unneeded', 'permissions', 'uninstalling', 'even', 'permission', 'manager', 'won', 'let', 'me', 'revoke', 'them', ""won't""]"
322,"['it', 'great', 'easy', 'do', 'just', 'wish', 'it', 'told', 'amount', 'of', 'calories', 'burned', 'but', 'it', 'free', 'soo']"
323,"['five', 'stars']"
324,"['doing', 'exercises', 'for', 'weeks', 'now', 'can', 'changes', 'best', 'thing', 'about', 'this', 'app', 'tht', 'can', 'play', 'music', 'work', 'out']"
325,"['omg', 'love', 'this', 'you', 'can', 'really', 'feel', 'workout', 'getting', 'my', 'abs', 'back']"
326,"['great', 'for', 'getting', 'abs', 'into', 'shape']"
327,"['love', 'workout', 'thanks', 'guys', 'for', 'developing', 'make', 'it', 'available', 'god', 'bless', 'you', 'all']"
328,"['app', 'very', 'bare', 'bones', 'but', 'it', 'gets', 'job', 'done', 'great', 'free', 'workout', 'am', 'sore', 'after', 'just', 'minutes', 'it', 'never', 'glitches', 'out', 'on', 'me', 'five', 'stars']"
329,"['tons', 'of', 'unnecessary', 'permissions', 'in', 'new', 'version', 'can', 'call', 'or', 'text', 'services', 'that', 'cost', 'you', 'money', 'why']"
330,"['love', 'it']"
331,"['nice', 'app', 'get', 'again', 'my', 'abs']"
332,"['what', 'up', 'with', 'all', 'these', 'permissions']"
333,"['app', 'was', 'awesome', 'before', 'unnecessary', 'updates']"
334,"['it', 'works']"
335,"['good', 'apps']"
336,"['love', 'it']"
337,"['super', 'im', 'very', 'happy', 'of', 'it']"
338,"['its', 'good', 'pls', 'download', 'for', 'ever', 'fit']"
339,"['good', 'for', 'starters']"
340,"['awesome', 'app']"
341,"['recent', 'update', 'reduced', 'farfetched', 'permissions', 'am', 'happy', 'again', 'old', 'review', 'like', 'app', 'but', 'recent', 'update', 'looks', 'suspicious', 'it', 'seeks', 'permission', 'send', 'sms', 'make', 'phone', 'calls', 'am', 'not', 'going', 'update', 'this', 'app', 'anymore']"
342,"['previous', 'versions', 'worked', 'well', 'love', 'app', 'except', 'lately', 'window', 'freezes', 'demo', 'video', 'then', 'clock', 'stops', 'at', 'won', 'continue', 'not', 'sure', 'if', 'its', 'just', 'my', 'phone', 'or', 'bug', ""won't""]"
343,"['im', 'getting', 'figure', 'want', 'yay', 'its', 'super', 'easy']"
344,"['used', 'enjoy', 'this', 'app', 'but', 'now', 'can', 'do', 'five', 'minute', 'session', 'without', 'it', 'crashing', 'times', 'now', 'not', 'sure', 'why', 'this', 'has', 'started', 'happening', 'it', 'used', 'be', 'fine', 'pretty', 'more', 'timing', 'was', 'considering', 'buying', 'full', 'version', 'but', 'that', 'won', 'be', 'happening', 'if', 'it', 'keeps', 'crashing', 'like', 'this', ""can't"", ""won't""]"
345,"['tottaly', 'worth', 'it', 'even', 'free', 'one', 'will', 'get', 'you', 'abs', '5min', '10', 'min', 'work', 'out', 'feeling', 'burn', 'right', 'now', 'regret', 'doing', 'it', 'ah', 'pain', 'of', 'workin', 'out']"
346,['amazing']
347,"['great', 'ap']"
348,"['ab', 'workout', 'app']"
349,['best']
350,"['its', 'great']"
351,['cool']
352,['awesome']
353,"['quality', 'exercises']"
354,"['feel', 'burn', 'after', 'just', 'few', 'rounds', 'switched', 'insanity', 'for', 'while', 'but', 'their', 'insane', 'abbs', 'workout', 'does', 'not', 'burn', 'like', 'this', 'does', 'love', 'this', 'app', 'highly', 'recommend', 'it']"
355,"['did', '10', 'exercise', 'workout', 'of', '10', 'moves', 'were', 'crunches', 'besides', 'fact', 'that', 'it', 'extremely', 'repetitive', 'read', 'boring', 'crunches', 'are', 'pretty', 'bad', 'for', 'you', 'app', 'also', 'had', 'lot', 'of', 'intrusive', 'ads', ""it's""]"
356,"['personally', 'like', 'this', 'because', 'it', 'works', 'for', 'me', 'sometimes', 'you', 'might', 'just', 'have', 'download', 'couple', 'of', 'apps', 'see', 'what', 'fits', 'you', 'best']"
357,"['which', 'would', 'be', 'better', 'confused', 'between', 'virtual', 'gym', 'this', 'app', 'actually', 'am', 'not', 'installed', 'it', 'yet', 'because', 'of', 'my', 'internet', 'connection', 'has', 'gone', 'it', 'actually', 'finished', 'so', 'could', 'just', 'write', 'this', 'comment', 'did', 'not', 'have', 'enough', 'megabytes', 'left', 'download', 'when', 'you', 'll', 'read', 'this', 'would', 'have', 'already', 'installed', 'it', ""i'm"", ""it's"", ""you'll""]"
358,"['useful', 'for', 'anyone', 'thanks']"
359,"['great', 'app']"
360,['superb']
361,"['its', 'amazing', 'see', 'how', 'much', 'you', 'actually', 'overeat', 'when', 'it', 'comes', 'calories', 'diet', '90%', 'of', 'effort', 'in', 'weight', 'control', 'slogging', 'it', 'in', 'gym', 'helps', 'but', 'isn', 'key', 'would', 'give', 'stars', 'if', 'they', 'had', 'setting', 'use', 'kg', 'with', 'miles', 'instead', 'of', 'having', 'use', 'separate', 'app', 'for', 'conversion', 'food', 'tracker', 'widget', 'also', 'poor', 'quality', 'looks', 'like', 'child', 'drew', 'it', 'customer', 'service', 'don', 'think', 'they', 'have', 'heard', 'of', 'either', ""isn't"", ""don't""]"
362,"['its', 'changed', 'so', 'much', 'got', 'it', 'originally', 'for', 'food', 'journal', 'but', 'fell', 'in', 'love', 'with', 'weight', 'graph', 'forum', 'many', 'different', 'articles', 'was', 'delivered', 'each', 'day', 'it', 'helped', 'me', 'live', 'healthier', 'now', 'noom', 'almost', 'unrecognizable', 'me', 'forum', 'gone', 'so', 'no', 'more', 'dozens', 'of', 'topics', 'talk', 'about', 'we', 'only', 'get', 'one', 'article', 'rest', 'aren', 'available', 'unless', 'we', 'pay', 'hate', 'it', 'everything', 'about', 'going', 'pro', '$10', 'month', 'smh', ""aren't""]"
363,"['paid', 'for', 'pro', 'which', 'meant', 'have', 'lost', 'my', 'data', 'didny', 'get', 'upgraded', 'their', 'customer', 'service', 'doesn', 'respond', 'emails', ""doesn't""]"
364,"['its', 'really', 'helpful', 'app', 'with', 'lots', 'of', 'curiosities', 'tips', 'every', 'day', 'but', 'it', 'doesnt', 'count', 'steps', 'properly', 'but', 'in', 'overall', 'it', 'great', 'totally', 'reccomend', 'it']"
365,"['still', 'one', 'of', 'best', 'but', 'needs', 'better', 'database', 'for', 'food', 'like', 'fitnesspal', 'weight', 'graph', 'not', 'motivating', 'you', 'lose', 'kg', 'it', 'still', 'flat', 'message', 'just', 'great', 'keep', 'it', 'up', 'could', 'be', 'more', 'interactive', 'widget', 'also', 'useless', 'overall', 'not', 'bad']"
366,"['wish', 'noom', 'included', 'water', 'intake', 'tracker', 'also', 'calorie', 'density', 'great', 'way', 'watch', 'what', 'you', 're', 'eating', 'but', 'some', 'healthier', 'foods', 'like', 'flaxseed', 'show', 'up', 'red', 'because', 'of', 'their', 'density', 'among', 'other', 'foods', 'that', 'are', 'mostly', 'unhealthy', 'you', 'can', 'rely', 'on', 'app', 'know', 'that', 'your', 'diet', 'healthy', 'you', 'still', 'have', 'do', 'some', 'research', 'fitness', 'log', 'great', 'but', 'wonder', 'about', 'accuracy', 'of', 'calorie', 'counts', 'per', 'exercise', 'not', 'willing', 'spend', '$10', 'month', 'on', 'pro', 'but', 'free', 'app', 'could', 'have', 'more', 'features', ""you're"", ""can't"", ""i'm""]"
367,"['since', 'more', 'than', 'years', 'ago', 'have', 'not', 'had', 'conviction', 'follow', 'diet', 'not', 'way', 'that', 'used', 'do', 'it', 'suddenly', 'found', 'this', 'amazing', 'app', 'that', 'helps', 'me', 'get', 'motivated', 'learn', 'more', 'about', 'food', 'it', 'also', 'helps', 'me', 'stay', 'focus', 'on', 'my', 'goal', 'just', 'fell', 'in', 'love', 'with', 'this', 'app', 'only', 'have', 'week', 'trying', 'it', 'lost', 'almost', 'lbs']"
368,"['am', 'not', 'extremely', 'overweight', 'but', 'do', 'eat', 'unhealthy', 'that', 'becomes', 'problem', 'later', 'in', 'life', 'with', 'this', 'app', 'you', 'can', 'buckle', 'down', 'diet', 'like', 'fitness', 'freak', 'have', 'fun', 'while', 'you', 're', 'doing', 'it', 'what', 'like', 'most', 'how', 'it', 'encourages', 'you', 'be', 'best', 'you', 'can', 'be', 'how', 'you', 'can', 'log', 'food', 'you', 'eat', 'other', 'apps', 'require', 'pay', 'just', 'try', 'it', 'that', 'doesn', 'make', 'anyone', 'want', 'work', 'out', 'but', 'with', 'noom', 'you', 'll', 'want', 'eat', 'healthy', 'you', 'll', 'want', 'look', 'forward', 'exercising', 'you', 'will', 'lose', 'weight', ""you're"", ""doesn't"", ""you'll"", ""you'll""]"
369,"['its', 'way', 'too', 'power', 'consuming', 'fix', 'this', 'stars', 'will', 'be', 'yours']"
370,"['good', 'motivation', 'with', 'daily', 'tasks', 'alerts', 'put', 'in', 'your', 'meals', 'are', 'great', 'always', 'forget', 'bit', 'unsure', 'at', 'how', 'accurate', 'pedometer', 'but', 'like', 'that', 'at', 'works', 'non', 'stop']"
371,"['helps', 'show', 'wat', 'have', 'eaten', 'along', 'with', 'exercise', 'log', 'gives', 'steps', 'keep', 'on', 'right', 'track']"
372,"['it', 'much', 'better', 'if', 'only', 'you', 'also', 'add', 'more', 'kfc', 'jollibee', 'or', 'chowking', 'menus']"
373,"['simple', 'easy', 'smart', 'it', 'really', 'helps', 'you', 'become', 'disciplined', 'maintain', 'helthy', 'weight']"
374,"['great', 'app', 'but', 'never', 'finds', 'barcode', 'when', 'scan', 'update', 'or', 'will', 'have', 'uninstall', 'my', 'son', 'has', 'my', 'fitness', 'pal', 'we', 'compete', 'lose', 'may', 'switch', 'if', 'you', 'don', 'update', 'your', 'barcode', 'can', 'finds', 'steamfresh', 'vegetables', 'come', 'on', ""don't"", ""can't""]"
375,"['really', 'love', 'this', 'app', 'but', 'main', 'reason', 'downloaded', 'this', 'app', 'was', 'for', 'recipes', 'was', 'right', 'on', 'my', 'way', 'purchase', 'pro', 'version', 'which', 'thought', 'was', 'about', '$1', '99', 'then', 'saw', 'it', 'was', '$10', 'month', 'this', 'crazy', 'really', 'overpriced', 'you', 'should', 'atleast', 'have', 'few', 'new', 'recipes', 'each', 'day', 'for', 'free', 'version', 'stars', 'for', 'app', 'itself', 'cause', 'really', 'enjoy', 'it', 'stars', 'for', 'not', 'having', 'recipes', 'available', 'free', 'users', 'for', 'being', 'overpriced']"
376,"['it', 'looks', 'like', 'really', 'nice', 'app', 'thus', 'far', 'yet', 'think', 'it', 'was', 'designed', 'more', 'for', 'phones', 'in', 'mind', 'than', 'tablets', 'when', 'adding', 'foods', 'sidebar', 'overlaps', 'search', 'options', 'so', 'it', 'hard', 'know', 'what', 'selecting', 'also', 'tablet', 'not', 'easy', 'carry', 'about', 'on', 'walks', 'runs', 'so', 'perhaps', 'option', 'use', 'different', 'pedometer', 'later', 'input', 'your', 'steps', 'although', 'this', 'may', 'be', 'unnecessary', 'you', 'can', 'input', 'several', 'exercise', 'options', 'including', 'walking', 'running', 'overall', 'like', 'it', 'but', 'things', 'need', 'work', ""it's"", ""i'm""]"
377,"['ve', 'been', 'using', 'it', 'for', 'week', 'now', 'like', 'it', 'very', 'much', 'so', 'far', 'haven', 'loose', 'any', 'kgs', 'yet', 'but', 'it', 'helps', 'choose', 'what', 'you', 'eat', 'recommend', ""i've"", ""haven't""]"
378,"['it', 'used', 'be', 'great', 'app', 'before', 'forums', 'were', 'taken', 'away', 'it', 'just', 'like', 'every', 'other', 'calorie', 'tracking', 'app', 'now', ""it's""]"
379,"['only', 'big', 'complaint', 'that', 'you', 'have', 'log', 'your', 'weight', 'see', 'weight', 'graph']"
380,"['wonderful', 'application', 'helpt', 'me', 'reach', 'ceep', 'my', 'ideal', 'weight']"
383,"['ve', 'been', 'trying', 'lose', 'weight', 'for', 'year', 'now', 'but', 'no', 'avail', 'not', 'pound', 'dropped', 'kept', 'off', 'but', 'then', 'got', 'noom', 'everyday', 'since', 'got', 'this', 'app', 've', 'lost', 'at', 'least', 'lbs', 'best', 'part', 'that', 'it', 'so', 'easy', 'no', 'strict', 'diet', 'no', 'intense', 'workouts', 'no', 'calorie', 'counting', 'don', 'even', 'have', 'give', 'up', 'my', 'favorite', 'admittedly', 'unhealthy', 'foods', 'am', 'beyond', 'satisfied', 'amazed', 'eager', 'continue', ""i've"", ""i've"", ""it's"", ""don't"", ""i'm""]"
384,"['this', 'great', 'app', 'educate', 'you', 'about', 'health', 'topics', 'keep', 'track', 'of', 'weight', 'loss']"
385,"['have', 'never', 'seen', 'such', 'intuitive', 'weight', 'loss', 'app', 'ever', 'it', 'like', 'it', 'understands', 'everything', 'about', 'you', 'so', 'freaking', 'awesome', 'can', 'wait', 'use', 'this', 'already', 'excited', 've', 'only', 'did', 'tutorial', 'w00t', ""it's"", ""can't"", ""i'm"", ""i've""]"
386,"['lost', 'lot', 'of', 'weight', 'in', 'past', 'with', 'noom', 'straightforward', 'calorie', 'logging', 'but', 'ads', 'for', 'pro', 'extra', 'windows', 'prompts', 'within', 'app', 'are', 'getting', 'distracting', 'you', 'can', 'no', 'longer', 'make', 'dial', 'meal', 'standard', 'interface', 'which', 'was', 'my', 'main', 'reason', 'for', 'loving', 'it', 'in', 'past', ""noom's""]"
387,"['had', 'enter', 'all', 'my', 'steps', 'manually', 'it', 'didn', 'track', 'single', 'one', 'on', 'its', 'own', 'htc', 'one', 'm8', ""didn't""]"
388,"['ve', 'been', 'using', 'this', 'app', 'for', 'week', 'now', 'am', 'already', 'starting', 'see', 'weight', 'loss', 'great', 'app', ""i've""]"
389,"['supportive', 'friendly', 'motivational', 'all', 'things', 'help', 'you', 'lose', 'weight', 'helped', 'me', 'plan', 'ahead', 'with', 'meals', 'realise', 'my', 'triggers', 'how', 'avoid', 'them', 'it', 'simply', 'great', ""it's""]"
390,"['for', 'one', 'who', 'dont', 'really', 'like', 'exercise', 'still', 'want', 'have', 'healthy', 'life', 'this', 'app', 'great', 'choice', 'iam', 'happy', 'now', 'that', 'can', 'control', 'what', 'iam', 'eating', 'do', 'simple', 'exercise', 'have', 'healthy', 'life']"
391,"['best', 'aid', 'weight', 'loss', 'have', 'come', 'across', 'easy', 'use', 'motivational', 'continue', '61', 'pounds', 'lost', 'so', 'far', 'love', 'it']"
392,"['best', 'app', 'ever', 'following', 'this', 'has', 'already', 'helped', 'me', 'lose', 'over', 'twenty', 'pounds', 'my', 'touch', 'slide', '3g']"
393,"['this', 'best', 'weight', 'loss', 'app', 've', 'used', ""i've""]"
394,"['its', 'very', 'useful', 'app', 'its', 'actually', 'make', 'feel', 'that', 'have', 'personal', 'coach', 'with', 'just', 'please', 'add', 'cardio', 'gym', 'intense', 'training', 'programme', 'too', 'so', 'one', 'can', 'gount', 'their', 'calorie', 'loss', 'also', 'add', 'water', 'intake', 'reminder']"
395,"['love', 'app', 'but', 'some', 'of', 'its', 'calorie', 'ratings', 'are', 'wrong']"
396,"['motivation', 'for', 'recording', 'planned', 'meals', 'helpped', 'me', 'stay', 'on', 'healthly', 'path', 'just', 'that', 'not', 'losting', 'even', 'kg', 'weight', 'yet', '345223246', '345212240346262271', '345220247']"
397,"['can', 'you', 'make', 'version', 'for', 'windows', 'phones', 'please', 'there', 'are', 'windows', 'users', 'that', 'need', 'this', 'app']"
398,"['increase', 'database', 'of', 'indian', 'foods', 'stars', 'for', 'sure']"
399,"['really', 'nice', 'app']"
400,"['it', 'pretty', 'nice', 'easy', 'use', 'app', 'for', 'keeping', 'track', 'of', 'your', 'diet', 'it', 'has', 'one', 'really', 'annoying', 'thing', 'though', 'you', 'can', 'completely', 'disable', 'pedometer', 'that', 'makes', 'for', 'higher', 'battery', 'consumption', 'add', 'option', 'for', 'disabling', 'it', 'it', 'will', 'be', 'star', ""can't""]"
401,"['very', 'happy', 'but', 'it', 'could', 'have', 'more', 'foods', 'in', 'database']"
